2026-01-15 14:48:42,189,dht1_T, dht2_T, dht3_T, dht1_H, dht2_H, dht3_H, hm, tm, CO2, eCO2, TVOC, t_min, t_max, h_min, h_max, heat_rele, hum_rele, fan_rele
2026-01-15 14:48:58,745,24,25,24,38,32,40,35,25,1792,0,0,15,32,37,58,0,1,0
2026-01-15 14:49:04,837,24,25,24,38,32,40,35,25,1792,424,3,15,32,37,58,0,1,0
2026-01-15 14:49:10,883,24,25,24,38,32,40,35,25,1794,1598,244,15,32,37,58,0,1,0
2026-01-15 14:49:17,024,24,25,24,38,32,40,35,25,1794,1552,208,15,32,37,58,0,1,0
2026-01-15 14:49:23,094,24,25,24,38,32,40,35,25,1794,1474,163,15,32,37,58,0,1,0
2026-01-15 14:49:29,182,24,25,24,38,32,40,35,25,1794,1367,147,15,32,37,58,0,1,0
2026-01-15 14:49:35,238,24,25,25,39,33,40,36,25,1794,1527,190,15,32,37,58,0,1,0
2026-01-15 14:49:41,324,24,25,25,40,33,42,36,25,1794,1498,170,15,32,37,58,0,1,0
2026-01-15 14:49:47,394,24,25,25,40,33,42,36,25,1794,2154,1036,15,32,37,58,0,1,0
2026-01-15 14:49:53,475,24,25,25,40,33,42,36,25,1794,1813,465,15,32,37,58,0,1,0
2026-01-15 14:49:59,520,24,25,25,41,33,42,37,25,1794,1813,465,15,32,37,58,0,1,0
2026-01-15 14:50:05,634,24,25,25,42,33,42,37,25,1794,1585,232,15,32,37,58,0,0,0
2026-01-15 14:50:11,760,24,25,25,42,33,41,37,25,1794,1606,249,15,32,37,39,0,0,0
2026-01-15 14:50:17,822,24,25,25,42,33,41,37,25,1794,1849,514,15,32,37,38,0,0,0
2026-01-15 14:50:23,894,24,25,25,41,33,41,37,25,1794,1867,540,15,32,37,37,0,0,1
2026-01-15 14:50:30,093,24,-24,25,41,-41,41,20,12,1794,1898,582,15,32,37,38,0,1,0
2026-01-15 14:50:36,398,24,25,25,41,33,41,37,25,1794,1867,540,15,32,37,37,0,0,1
2026-01-15 14:50:42,457,24,25,25,41,33,42,37,25,1794,2495,1773,15,32,37,42,0,1,0
2026-01-15 14:50:48,603,24,25,25,41,34,43,37,25,1764,2238,1220,15,32,37,42,0,0,0
2026-01-15 14:50:54,745,24,25,25,41,34,45,37,25,1762,2495,1773,15,32,37,42,0,0,0
2026-01-15 14:51:00,779,24,26,25,41,34,45,37,25,1762,2450,1673,15,32,37,42,0,0,0
2026-01-15 14:51:06,928,24,26,25,41,34,45,37,25,1758,540,21,15,32,37,42,0,0,0
2026-01-15 14:51:12,958,24,26,25,41,34,46,37,25,1754,1762,405,15,32,37,42,0,0,0
2026-01-15 14:51:18,983,24,26,25,41,34,45,37,25,1756,2094,906,15,32,37,42,0,0,0
2026-01-15 14:51:25,012,24,26,25,41,34,43,37,25,1754,2112,946,15,32,37,42,0,0,0
2026-01-15 14:51:31,065,24,26,25,41,34,43,37,25,1752,1971,696,15,32,37,42,0,0,0
2026-01-15 14:51:37,106,24,26,25,40,34,42,37,25,1750,1867,540,15,32,37,42,0,1,0
2026-01-15 14:51:43,272,24,26,25,40,34,43,37,25,1748,1544,203,15,32,37,42,0,1,0
2026-01-15 14:51:49,397,24,26,25,41,34,47,37,25,1748,1515,181,15,32,37,42,0,0,0
2026-01-15 14:51:55,534,24,26,25,41,34,45,37,25,1748,1616,261,15,32,37,42,0,0,0
2026-01-15 14:52:01,663,24,26,25,41,33,45,37,25,1748,954,84,15,32,37,42,0,1,0
2026-01-15 14:52:07,711,24,26,25,40,34,44,37,25,1748,1895,579,15,32,37,42,0,1,0
2026-01-15 14:52:13,934,24,26,25,40,34,44,37,25,1750,1482,164,15,32,37,42,0,1,0
2026-01-15 14:52:20,100,24,26,25,40,34,44,37,25,1748,416,2,15,32,37,43,0,1,0
2026-01-15 14:52:26,144,24,26,25,40,34,44,37,25,1746,1620,264,15,32,37,42,0,1,0
2026-01-15 14:52:32,285,24,26,25,40,34,44,37,25,1748,426,3,15,32,37,42,0,1,0
2026-01-15 14:52:38,406,24,26,25,40,34,44,37,25,1750,1137,112,15,32,37,43,0,1,0
2026-01-15 14:52:44,466,24,26,25,42,34,44,38,25,1750,1925,623,15,32,37,43,0,0,0
2026-01-15 14:52:50,553,24,26,25,42,34,43,38,25,1750,863,70,15,32,37,43,0,0,0
2026-01-15 14:52:56,685,24,26,25,41,34,44,37,25,1752,776,57,15,32,37,43,0,0,0
2026-01-15 14:53:02,840,24,26,25,41,34,43,37,25,1754,646,37,15,32,37,42,0,0,0
2026-01-15 14:53:08,900,24,25,25,41,34,43,37,25,1756,600,30,15,32,37,43,0,0,0
2026-01-15 14:53:14,951,24,25,25,42,33,42,37,25,1758,640,36,15,32,37,43,0,0,0
2026-01-15 14:53:21,071,24,25,25,43,33,42,38,25,1758,690,44,15,32,37,43,0,0,0
2026-01-15 14:53:27,207,24,25,25,42,33,42,37,25,1756,505,15,15,32,37,43,0,0,0
2026-01-15 14:53:33,341,24,25,25,42,33,41,37,25,1758,629,34,15,32,37,43,0,0,0
2026-01-15 14:53:39,368,24,25,25,41,33,41,37,25,1758,578,27,15,32,37,43,0,1,0
2026-01-15 14:53:45,409,24,25,25,41,33,41,37,25,1762,1950,664,15,32,37,43,0,1,0
2026-01-15 14:53:51,546,24,25,25,42,33,41,37,25,1764,1950,664,15,32,37,43,0,0,0
2026-01-15 14:53:57,629,24,25,25,43,33,41,38,25,1762,572,26,15,32,37,43,0,0,0
2026-01-15 14:54:03,793,24,25,25,42,33,41,37,25,1762,495,14,15,32,37,42,0,0,0
2026-01-15 14:54:09,898,24,25,25,42,33,41,37,25,1762,501,15,15,32,37,42,0,0,0
2026-01-15 14:54:15,932,24,25,25,42,33,41,37,25,1764,495,14,15,32,37,43,0,0,0
2026-01-15 14:54:21,971,24,25,25,42,33,42,37,25,1766,530,19,15,32,37,43,0,0,0
2026-01-15 14:54:28,085,24,25,25,42,33,42,37,25,1766,530,19,15,32,37,43,0,0,0
2026-01-15 14:54:34,134,24,25,25,42,33,43,37,25,1766,530,19,15,32,37,43,0,0,0
2026-01-15 14:54:40,174,24,25,25,42,34,43,38,25,1768,540,21,15,32,37,43,0,0,0
2026-01-15 14:54:46,338,24,25,25,42,34,43,38,25,1768,553,23,15,32,37,43,0,0,0
2026-01-15 14:54:52,467,24,25,25,43,34,44,38,25,1768,546,22,15,32,37,43,0,0,0
2026-01-15 14:54:58,517,24,25,25,43,34,44,38,25,1768,520,18,15,32,37,43,0,0,0
2026-01-15 14:55:04,545,24,25,25,44,34,44,39,25,1768,502,15,15,32,37,43,0,0,0
2026-01-15 14:55:10,677,24,25,25,45,34,44,39,25,1770,542,21,15,32,37,43,0,0,0
2026-01-15 14:55:16,818,24,25,25,45,34,44,39,25,1768,529,19,15,32,37,43,0,0,0
2026-01-15 14:55:22,863,24,25,25,45,34,44,39,25,1768,461,9,15,32,37,43,0,0,0
2026-01-15 14:55:28,978,24,25,25,44,34,44,39,25,1766,461,9,15,32,37,43,0,0,0
2026-01-15 14:55:35,131,24,25,25,44,34,43,39,25,1766,447,7,15,32,37,43,0,0,0
2026-01-15 14:55:41,173,24,25,24,44,34,43,39,25,1768,423,3,15,32,37,43,0,0,0
2026-01-15 14:55:47,299,24,25,24,44,34,43,39,25,1768,444,6,15,32,37,43,0,0,0
2026-01-15 14:55:53,342,24,25,24,44,34,43,39,25,1768,492,14,15,32,37,43,0,0,0
2026-01-15 14:55:59,457,24,25,24,44,34,43,39,25,1766,492,14,15,32,37,43,0,0,0
2026-01-15 14:56:05,602,24,25,24,44,34,42,39,25,1768,649,37,15,32,37,43,0,0,0
2026-01-15 14:56:11,725,24,25,24,44,34,43,39,25,1770,1266,131,15,32,37,43,0,0,0
2026-01-15 14:56:17,818,24,25,24,44,34,43,39,25,1770,897,75,15,32,37,43,0,0,0
2026-01-15 14:56:23,956,24,25,24,44,34,43,39,25,1768,1536,196,15,32,37,43,0,0,0
2026-01-15 14:56:30,078,24,25,24,44,34,43,39,25,1768,1511,178,15,32,37,43,0,0,0
2026-01-15 14:56:36,234,24,25,24,44,34,43,39,25,1768,1844,507,15,32,37,43,0,0,0
2026-01-15 14:56:42,296,24,25,24,44,34,43,39,25,1770,1568,220,15,32,37,43,0,0,0
2026-01-15 14:56:48,330,24,25,24,43,34,43,38,25,1766,1583,231,15,32,37,43,0,0,0
2026-01-15 14:56:54,364,24,25,24,43,34,43,38,25,1768,1568,220,15,32,37,43,0,0,0
2026-01-15 14:57:00,529,24,25,24,43,34,43,38,25,1768,1583,231,15,32,37,43,0,0,0
2026-01-15 14:57:06,579,24,25,24,43,34,43,38,25,1768,1560,214,15,32,37,43,0,0,0
2026-01-15 14:57:12,697,24,25,24,44,34,42,39,25,1768,1563,217,15,32,37,43,0,0,0
2026-01-15 14:57:18,822,24,25,24,44,34,43,39,25,1768,1563,217,15,32,37,44,0,0,0
2026-01-15 14:57:24,937,24,25,24,44,34,43,39,25,1768,1560,214,15,32,37,44,0,0,0
2026-01-15 14:57:30,967,24,25,24,44,34,42,39,25,1768,1556,210,15,32,37,44,0,0,0
2026-01-15 14:57:37,082,24,25,24,44,34,42,39,25,1766,1560,214,15,32,37,44,0,0,0
2026-01-15 14:57:43,224,24,25,24,44,34,42,39,25,1768,1568,220,15,32,37,44,0,0,0
2026-01-15 14:57:49,361,24,25,24,44,34,42,39,25,1768,1568,220,15,32,37,44,0,0,0
2026-01-15 14:57:55,447,24,25,25,44,34,43,39,25,1768,1572,224,15,32,37,44,0,0,0
2026-01-15 14:58:01,498,24,25,25,44,34,43,39,25,1768,1563,217,15,32,37,44,0,0,0
2026-01-15 14:58:07,607,24,25,25,44,34,43,39,25,1764,1598,244,15,32,37,44,0,0,0
2026-01-15 14:58:13,757,24,25,25,45,34,43,39,25,1768,1616,261,15,32,37,44,0,0,0
2026-01-15 14:58:19,902,24,25,25,44,34,43,39,25,1768,1607,253,15,32,37,44,0,0,0
2026-01-15 14:58:25,963,24,25,25,44,34,43,39,25,1768,1572,224,15,32,37,44,0,0,0
2026-01-15 14:58:32,107,24,26,25,44,34,42,39,25,1764,1583,231,15,32,37,44,0,0,0
2026-01-15 14:58:38,185,25,26,25,44,34,42,39,25,1766,1592,238,15,32,37,44,0,0,0
2026-01-15 14:58:44,340,25,26,25,43,34,43,38,25,1766,1611,256,15,32,37,44,0,0,0
2026-01-15 14:58:50,419,25,26,25,43,34,43,38,25,1764,1598,244,15,32,37,44,0,0,0
2026-01-15 14:58:56,553,25,26,25,44,34,42,39,25,1764,1572,224,15,32,37,44,0,0,0
2026-01-15 14:59:02,560,25,26,25,43,34,42,38,25,1764,1583,231,15,32,37,44,0,0,0
2026-01-15 14:59:08,561,25,26,25,43,34,42,38,25,1766,1601,246,15,32,37,44,0,0,0
2026-01-15 14:59:14,675,25,26,25,42,34,42,38,25,1766,874,72,15,32,37,44,0,0,0
2026-01-15 14:59:20,738,25,26,25,42,34,42,38,25,1764,1004,92,15,32,37,44,0,0,0
2026-01-15 14:59:26,873,25,26,25,41,34,42,37,25,1766,744,52,15,32,37,44,0,0,0
2026-01-15 14:59:33,019,25,26,25,41,34,42,37,25,1766,744,52,15,32,37,44,0,0,0
2026-01-15 14:59:39,076,25,26,25,42,34,43,38,25,1764,744,52,15,32,37,44,0,0,0
2026-01-15 14:59:45,581,25,26,25,42,34,43,38,25,1766,744,52,15,32,37,44,0,0,0
2026-01-15 14:59:51,710,25,26,25,42,34,42,38,25,1766,744,52,15,32,37,44,0,0,0
2026-01-15 14:59:57,844,25,26,25,42,34,42,38,25,1764,744,52,15,32,37,44,0,0,0
2026-01-15 15:00:03,924,25,26,25,42,34,42,38,25,1750,744,52,15,32,37,44,0,0,0
2026-01-15 15:00:10,066,25,26,25,41,34,42,37,25,1750,744,52,15,32,37,44,0,0,0
2026-01-15 15:00:17,799,25,26,25,41,34,42,37,25,1750,744,52,15,32,37,44,0,0,0
2026-01-15 15:00:24,015,25,26,25,41,34,42,37,25,1746,744,52,15,32,37,44,0,0,0
2026-01-15 15:00:30,355,25,26,25,41,34,42,37,25,1744,744,52,15,32,37,44,0,0,0
2026-01-15 15:00:36,641,25,26,25,41,34,42,37,25,1744,744,52,15,32,37,44,0,0,0
2026-01-15 15:00:42,942,25,26,25,41,34,42,37,26,1740,744,52,15,32,37,44,0,0,0
2026-01-15 15:00:48,969,25,26,25,41,34,42,37,26,1736,744,52,15,32,37,44,0,0,0
2026-01-15 15:00:55,098,25,26,25,41,34,41,37,26,1736,744,52,15,32,37,44,0,0,0
2026-01-15 15:01:01,647,25,26,25,41,34,42,37,26,1738,744,52,15,32,37,44,0,0,0
2026-01-15 15:01:07,899,25,26,25,41,34,42,37,26,1736,744,52,15,32,37,42,0,0,0
2026-01-15 15:01:14,246,25,26,25,41,34,42,37,26,1736,744,52,15,32,37,41,0,0,0
2026-01-15 15:01:20,432,25,26,25,42,34,43,38,26,1738,744,52,15,32,37,41,0,0,0
2026-01-15 15:01:26,665,25,26,25,43,34,45,38,26,1738,744,52,15,32,37,41,0,0,0
2026-01-15 15:01:33,412,25,26,25,43,34,45,38,26,1736,744,52,15,32,37,41,0,0,0
2026-01-15 15:01:39,721,25,27,25,44,34,46,39,26,1736,744,52,15,32,37,41,0,0,0
2026-01-15 15:01:47,640,25,27,25,44,34,46,39,26,1738,744,52,15,32,37,42,0,0,0
2026-01-15 15:01:56,834,25,27,25,45,35,46,40,26,1734,744,52,15,32,37,41,0,0,0
2026-01-15 15:02:03,395,25,27,25,44,35,46,39,26,1736,744,52,15,32,37,41,0,0,0
2026-01-15 15:02:10,139,25,27,25,44,35,45,39,26,1732,744,52,28,38,37,40,1,0,0
2026-01-15 15:02:16,271,25,27,25,44,35,45,39,26,1732,744,52,28,38,37,41,0,0,0
2026-01-15 15:02:22,289,26,27,26,43,34,43,38,26,1728,744,52,15,32,37,40,0,0,0
2026-01-15 15:02:28,445,26,27,26,42,34,43,38,26,1728,744,52,28,38,37,40,1,0,0
2026-01-15 15:02:34,719,26,27,26,42,34,42,38,26,1724,744,52,28,38,37,41,0,0,0
2026-01-15 15:02:41,292,26,27,26,41,34,42,37,26,1722,744,52,15,32,37,37,0,0,1
2026-01-15 15:02:47,328,26,27,26,41,34,42,37,26,-864,744,52,15,32,37,37,0,0,1
2026-01-15 15:02:53,429,26,27,26,40,34,42,37,26,1724,744,52,15,32,37,37,0,0,1
2026-01-15 15:02:59,622,26,28,26,39,33,41,36,27,1722,744,52,15,32,37,37,0,1,0
2026-01-15 15:03:05,800,26,28,26,39,33,41,36,27,-862,744,52,29,39,37,56,0,1,0
2026-01-15 15:03:11,939,26,28,26,39,33,40,36,27,-862,744,52,28,38,37,56,1,1,0
2026-01-15 15:03:18,025,26,28,26,39,33,40,36,27,-863,744,52,29,39,37,56,0,1,0
2026-01-15 15:03:24,180,26,28,26,39,33,40,36,27,-862,744,52,15,32,37,56,0,1,0
2026-01-15 15:03:30,312,26,28,26,39,33,40,36,27,1728,744,52,15,32,37,56,0,1,0
2026-01-15 15:03:36,362,26,28,26,39,33,40,36,27,1726,744,52,15,32,37,56,0,1,0
2026-01-15 15:03:42,469,26,28,26,39,33,40,36,27,1728,744,52,15,32,37,56,0,1,0
2026-01-15 15:03:48,515,27,28,27,39,33,39,36,28,1732,744,52,15,32,37,56,0,1,0
2026-01-15 15:03:54,595,27,28,27,38,33,39,35,28,1730,744,52,15,32,37,56,0,1,0
2026-01-15 15:04:00,696,27,29,27,38,32,39,35,28,1732,744,52,15,32,37,56,0,1,0
2026-01-15 15:04:06,750,27,29,27,38,32,39,35,28,1738,744,52,15,32,37,56,0,1,0
2026-01-15 15:04:12,877,27,29,27,37,32,40,34,28,1738,744,52,15,32,37,56,0,1,0
2026-01-15 15:04:18,928,27,29,27,37,33,40,35,28,1742,744,52,15,32,37,56,0,1,0
2026-01-15 15:04:25,309,27,29,27,37,33,40,35,28,1744,744,52,15,32,37,56,0,1,0
2026-01-15 15:04:31,354,27,29,27,37,33,39,35,28,1744,744,52,15,32,37,56,0,1,0
2026-01-15 15:04:37,365,27,29,27,36,32,38,34,28,1748,744,52,15,32,37,56,0,1,0
2026-01-15 15:04:43,633,27,29,28,35,32,37,33,28,1752,744,52,15,32,37,56,0,1,0
2026-01-15 15:04:49,990,27,30,28,35,31,37,33,29,1752,744,52,15,32,37,56,0,1,0
2026-01-15 15:04:58,921,27,30,28,35,31,37,33,29,1756,744,52,15,32,37,56,0,1,0
2026-01-15 15:05:05,212,27,30,28,35,31,37,33,29,1754,744,52,15,32,37,56,0,1,0
2026-01-15 15:05:12,399,27,30,28,34,31,37,32,29,1760,744,52,15,32,37,56,0,1,0
2026-01-15 15:05:18,674,27,30,28,34,30,37,32,29,1758,744,52,15,32,37,56,0,1,0
2026-01-15 15:05:24,996,27,30,28,35,30,36,32,29,1764,744,52,15,32,37,56,0,1,0
2026-01-15 15:05:31,014,27,30,28,35,30,36,32,29,1762,744,52,15,32,37,56,0,1,0
2026-01-15 15:05:37,211,27,30,28,35,30,35,32,29,1764,744,52,15,32,37,56,0,1,0
2026-01-15 15:05:43,286,28,30,28,34,30,35,32,29,1768,744,52,15,32,37,56,0,1,0
2026-01-15 15:05:49,700,28,29,28,34,31,35,32,28,1768,744,52,15,32,37,56,0,1,0
2026-01-15 15:05:55,829,28,29,28,34,31,35,32,28,1770,744,52,15,32,37,56,0,1,0
2026-01-15 15:06:01,952,28,29,28,35,31,35,33,28,1770,744,52,15,32,37,56,0,1,0
2026-01-15 15:06:08,329,28,29,28,35,30,35,32,28,1770,744,52,15,32,37,56,0,1,0
2026-01-15 15:06:14,668,28,29,28,35,30,35,32,28,1774,744,52,15,32,37,56,0,1,0
2026-01-15 15:06:20,692,28,29,28,34,30,35,32,28,1774,744,52,15,32,37,56,0,1,0
2026-01-15 15:06:26,819,28,29,28,34,30,34,32,28,1774,744,52,15,32,37,56,0,1,0
2026-01-15 15:06:32,965,28,29,28,34,30,34,32,28,1776,744,52,15,32,37,56,0,1,0
2026-01-15 15:06:39,036,27,29,28,34,30,34,32,28,1776,744,52,15,32,37,56,0,1,0
2026-01-15 15:06:45,209,27,29,28,34,30,34,32,28,1778,744,52,15,32,37,56,0,1,0
2026-01-15 15:06:51,321,27,29,28,34,30,34,32,28,1778,744,52,15,32,37,56,0,1,0
2026-01-15 15:06:57,469,27,29,28,34,30,34,32,28,1776,744,52,15,32,37,56,0,1,0
2026-01-15 15:07:03,503,27,29,28,34,30,34,32,28,1780,744,52,15,32,37,56,0,1,0
2026-01-15 15:07:09,569,27,29,28,33,30,34,31,28,1778,744,52,15,32,37,56,0,1,0
2026-01-15 15:07:15,844,27,29,28,34,30,34,32,28,1780,744,52,15,32,37,56,0,1,0
2026-01-15 15:07:21,869,27,29,28,34,30,34,32,28,1780,744,52,15,32,37,56,0,1,0
2026-01-15 15:07:27,903,27,29,28,34,30,34,32,28,1778,744,52,15,32,37,56,0,1,0
2026-01-15 15:07:33,946,27,29,28,34,30,34,32,28,1780,744,52,15,32,37,56,0,1,0
2026-01-15 15:07:40,059,27,28,28,34,30,34,32,28,1780,744,52,15,32,37,56,0,1,0
2026-01-15 15:07:46,109,27,28,28,34,30,34,32,28,1778,744,52,15,32,37,56,0,1,0
2026-01-15 15:07:52,149,27,28,28,35,30,35,32,27,1778,744,52,15,32,37,56,0,1,0
2026-01-15 15:07:58,275,27,28,28,36,30,35,33,27,1778,744,52,15,32,37,56,0,1,0
2026-01-15 15:08:04,618,26,28,28,36,30,35,33,27,1776,744,52,15,32,37,56,0,1,0
2026-01-15 15:08:10,898,26,28,28,37,30,35,33,27,1776,744,52,15,32,37,56,0,1,0
2026-01-15 15:08:17,421,26,28,28,37,30,36,33,27,1774,744,52,15,32,37,56,0,1,0
2026-01-15 15:08:23,563,26,28,27,37,30,36,33,27,1774,744,52,15,32,37,56,0,1,0
2026-01-15 15:08:29,699,26,28,27,37,30,36,33,27,1774,744,52,15,32,37,56,0,1,0
2026-01-15 15:08:35,787,26,28,27,37,30,36,33,27,1772,744,52,15,32,37,56,0,1,0
2026-01-15 15:08:41,946,26,28,27,37,30,36,33,27,1772,744,52,15,32,37,56,0,1,0
2026-01-15 15:08:48,123,26,28,27,37,30,36,33,27,1774,744,52,15,32,37,56,0,1,0
2026-01-15 15:08:54,177,26,28,27,37,31,37,34,27,1772,744,52,15,32,37,56,0,1,0
2026-01-15 15:09:00,378,26,28,27,37,31,37,34,27,1772,744,52,15,32,37,56,0,1,0
2026-01-15 15:09:06,611,26,28,27,38,31,37,34,27,1772,744,52,15,32,37,56,0,1,0
2026-01-15 15:09:12,633,26,28,27,38,31,37,34,27,1772,744,52,15,32,37,56,0,1,0
2026-01-15 15:09:18,635,26,28,27,38,31,37,34,27,1772,744,52,15,32,37,56,0,1,0
2026-01-15 15:09:24,903,26,28,27,38,31,37,34,27,1772,744,52,15,32,37,56,0,1,0
2026-01-15 15:09:31,010,26,28,27,39,31,38,35,27,1772,744,52,15,32,37,56,0,1,0
2026-01-15 15:09:37,175,26,28,27,39,31,38,35,27,1770,744,52,15,32,37,56,0,1,0
2026-01-15 15:09:43,521,26,28,27,38,31,38,34,27,1772,744,52,15,32,37,56,0,1,0
2026-01-15 15:09:49,564,26,28,27,38,31,38,34,27,1770,744,52,15,32,37,56,0,1,0
2026-01-15 15:09:55,884,26,28,27,37,31,38,34,27,1770,744,52,15,32,37,56,0,1,0
2026-01-15 15:10:01,921,26,28,27,37,31,38,34,27,1772,744,52,15,32,37,56,0,1,0
2026-01-15 15:10:07,961,26,28,27,37,31,38,34,27,1772,744,52,15,32,37,56,0,1,0
2026-01-15 15:10:14,001,26,28,27,38,32,39,35,27,1772,744,52,15,32,37,56,0,1,0
2026-01-15 15:10:20,136,26,28,27,38,32,38,35,27,1770,744,52,15,32,37,56,0,1,0
2026-01-15 15:10:26,169,26,28,27,38,32,38,35,27,1768,744,52,15,32,37,56,0,1,0
2026-01-15 15:10:32,242,26,28,27,38,32,39,35,27,1772,744,52,15,32,37,56,0,1,0
2026-01-15 15:10:38,517,26,28,27,38,32,39,35,27,1772,744,52,15,32,37,37,0,1,0
2026-01-15 15:10:44,887,26,28,27,38,32,39,35,27,1768,744,52,15,32,37,37,0,1,0
2026-01-15 15:10:51,042,26,28,27,37,32,39,34,27,1770,744,52,15,32,37,37,0,1,0
2026-01-15 15:10:57,233,26,28,27,38,32,39,35,27,1770,744,52,15,32,37,37,0,1,0
2026-01-15 15:11:03,397,26,28,27,38,32,39,35,27,1768,744,52,15,32,37,37,0,1,0
2026-01-15 15:11:09,430,26,28,27,38,32,39,35,27,1770,744,52,15,32,37,37,0,1,0
2026-01-15 15:11:15,480,26,28,27,38,32,39,35,27,1770,744,52,15,32,37,37,0,1,0
2026-01-15 15:11:21,515,26,28,27,38,32,39,35,27,1770,744,52,15,32,37,37,0,1,0
2026-01-15 15:11:27,663,26,28,27,38,32,38,35,27,1770,744,52,15,32,37,37,0,1,0
2026-01-15 15:11:33,698,26,28,27,38,32,39,35,27,1770,744,52,15,32,37,37,0,1,0
2026-01-15 15:11:39,821,26,28,27,38,32,38,35,27,1770,744,52,15,32,37,37,0,1,0
2026-01-15 15:11:46,375,26,28,27,38,32,38,35,27,1768,744,52,15,32,37,37,0,1,0
2026-01-15 15:11:52,751,26,28,27,38,32,38,35,27,1770,744,52,15,32,37,37,0,1,0
2026-01-15 15:11:59,109,26,28,27,38,32,38,35,27,1766,744,52,15,32,37,37,0,1,0
2026-01-15 15:12:05,524,26,28,27,38,32,38,35,27,1770,744,52,15,32,37,37,0,1,0
2026-01-15 15:12:11,657,26,28,27,38,32,38,35,27,1768,744,52,15,32,37,37,0,1,0
2026-01-15 15:12:17,748,26,28,27,38,32,38,35,27,1768,744,52,15,32,37,37,0,1,0
2026-01-15 15:12:24,206,26,28,27,38,32,38,35,27,1768,744,52,15,32,37,37,0,1,0
2026-01-15 15:12:30,243,26,28,27,38,32,38,35,27,1770,744,52,15,32,37,37,0,1,0
2026-01-15 15:12:36,375,26,28,27,38,32,38,35,27,1768,744,52,15,32,37,37,0,1,0
2026-01-15 15:12:42,689,26,28,27,38,32,38,35,27,1768,744,52,15,32,37,37,0,1,0
2026-01-15 15:12:49,090,26,28,27,38,32,39,35,27,1768,744,52,15,32,37,37,0,1,0
2026-01-15 15:12:55,549,26,28,27,38,32,39,35,27,1766,744,52,15,32,37,37,0,1,0
2026-01-15 15:13:01,683,26,28,27,38,32,39,35,27,1768,744,52,15,32,37,37,0,1,0
2026-01-15 15:13:07,788,26,28,27,38,32,40,35,27,1768,744,52,15,32,37,37,0,1,0
2026-01-15 15:13:14,207,26,28,27,38,32,40,35,27,1768,744,52,15,32,37,37,0,1,0
2026-01-15 15:13:20,260,26,28,27,39,32,39,35,27,1770,744,52,15,32,37,37,0,1,0
2026-01-15 15:13:26,372,26,28,27,38,32,39,35,27,1766,744,52,15,32,37,37,0,1,0
2026-01-15 15:13:32,705,26,28,27,39,32,38,35,27,1768,744,52,15,32,37,37,0,1,0
2026-01-15 15:13:38,815,26,28,27,38,32,38,35,27,1762,744,52,15,32,37,37,0,1,0
2026-01-15 15:13:44,849,26,28,27,38,32,38,35,27,1762,744,52,15,32,37,37,0,1,0
2026-01-15 15:13:50,887,26,28,27,38,32,38,35,27,1760,744,52,15,32,37,37,0,1,0
2026-01-15 15:13:57,000,26,28,27,38,32,38,35,27,1754,744,52,15,32,37,37,0,1,0
2026-01-15 15:14:03,160,26,28,27,38,32,39,35,27,1754,744,52,15,32,37,37,0,1,0
2026-01-15 15:14:09,221,26,28,27,38,32,39,35,27,1752,744,52,15,32,37,37,0,1,0
2026-01-15 15:14:15,370,26,28,27,38,32,38,35,27,1752,744,52,15,32,37,37,0,1,0
2026-01-15 15:14:21,501,26,28,27,39,32,39,35,27,1754,744,52,15,32,37,37,0,1,0
2026-01-15 15:14:27,545,26,28,27,39,32,38,35,27,1752,744,52,15,32,37,37,0,1,0
2026-01-15 15:14:33,662,26,28,27,39,32,38,35,27,1754,744,52,15,32,37,37,0,1,0
2026-01-15 15:14:39,693,26,28,27,38,32,38,35,27,1750,744,52,15,32,37,37,0,1,0
2026-01-15 15:14:45,808,26,28,27,38,32,38,35,27,1754,744,52,15,32,37,37,0,1,0
2026-01-15 15:14:51,934,26,28,27,38,32,38,35,27,1754,744,52,15,32,37,37,0,1,0
2026-01-15 15:14:58,068,26,28,27,38,32,38,35,27,1752,744,52,15,32,37,37,0,1,0
2026-01-15 15:15:04,115,26,28,27,38,32,38,35,27,1756,744,52,15,32,37,37,0,1,0
2026-01-15 15:15:10,247,26,28,27,38,32,38,35,27,1754,744,52,29,39,37,37,1,1,0
2026-01-15 15:15:16,292,26,28,27,38,32,38,35,27,1758,744,52,29,39,37,37,0,1,0
2026-01-15 15:15:22,421,26,28,27,38,32,38,35,27,1756,744,52,29,39,37,37,0,1,0
2026-01-15 15:15:28,536,27,28,27,38,32,38,35,27,1758,744,52,15,32,37,37,0,1,0
2026-01-15 15:15:34,681,27,28,27,38,32,38,35,27,1760,744,52,15,32,37,37,0,1,0
2026-01-15 15:15:40,945,27,28,27,38,32,38,35,27,1758,744,52,15,32,37,37,0,1,0
2026-01-15 15:15:46,986,27,28,27,38,32,38,35,27,1762,744,52,15,32,37,37,0,1,0
2026-01-15 15:15:53,121,27,28,27,38,32,38,35,27,1760,744,52,15,32,37,37,0,1,0
2026-01-15 15:15:59,405,27,28,27,38,32,38,35,27,1762,744,52,15,32,37,37,0,1,0
2026-01-15 15:16:05,544,27,28,27,38,32,38,35,27,1764,744,52,15,32,37,37,0,1,0
2026-01-15 15:16:11,601,27,28,27,38,32,38,35,27,1762,744,52,15,32,37,37,0,1,0
2026-01-15 15:16:17,618,27,28,27,38,32,38,35,27,1766,744,52,15,32,37,37,0,1,0
2026-01-15 15:16:23,653,27,28,27,38,32,38,35,27,1766,744,52,15,32,37,37,0,1,0
2026-01-15 15:16:29,778,27,28,27,37,32,38,34,27,1766,744,52,15,32,37,37,0,1,0
2026-01-15 15:16:35,927,27,28,27,37,32,37,34,27,1770,744,52,15,32,37,37,0,1,0
2026-01-15 15:16:41,961,27,28,27,37,32,37,34,28,1770,744,52,15,32,37,37,0,1,0
2026-01-15 15:16:48,087,27,28,27,37,32,38,34,28,1770,744,52,15,32,37,37,0,1,0
2026-01-15 15:16:54,125,27,28,27,37,32,38,34,28,1768,744,52,15,32,37,37,0,1,0
2026-01-15 15:17:00,238,27,28,27,38,32,40,35,28,1772,744,52,15,32,37,37,0,1,0
2026-01-15 15:17:06,371,27,28,27,39,32,40,35,28,1768,744,52,15,32,37,37,0,1,0
2026-01-15 15:17:12,425,27,28,27,39,32,40,35,28,1772,744,52,15,32,37,37,0,1,0
2026-01-15 15:17:18,454,27,28,27,39,32,40,35,28,1772,744,52,15,32,37,37,0,1,0
2026-01-15 15:17:24,657,27,28,27,39,33,40,36,28,1768,744,52,15,32,15,15,0,0,1
2026-01-15 15:17:30,805,27,28,27,39,32,40,35,28,1762,744,52,15,32,10,10,0,0,1
2026-01-15 15:17:36,949,27,29,27,39,32,40,35,28,1752,744,52,29,39,10,11,1,0,1
2026-01-15 15:17:42,991,27,29,27,39,32,39,35,28,1744,744,52,15,32,10,24,0,0,1
2026-01-15 15:17:49,065,28,29,27,39,32,40,35,28,1734,744,52,15,32,10,24,0,0,1
2026-01-15 15:17:55,165,28,29,27,40,33,40,36,28,1724,744,52,15,32,10,24,0,0,1
2026-01-15 15:18:01,211,28,29,27,40,33,41,36,28,-864,744,52,15,32,10,24,0,0,1
2026-01-15 15:18:07,307,28,29,28,40,33,41,36,29,-863,744,52,15,32,10,24,0,0,1
2026-01-15 15:18:13,382,28,29,28,40,33,41,36,29,-863,744,52,15,32,10,24,0,0,1
2026-01-15 15:18:19,554,28,29,28,39,33,40,36,29,-863,744,52,15,32,20,39,0,0,0
2026-01-15 15:18:25,663,29,30,28,39,32,40,35,29,1720,744,52,15,32,20,39,0,0,0
2026-01-15 15:18:31,748,29,30,28,38,32,40,35,29,1716,744,52,15,32,10,32,0,0,1
2026-01-15 15:18:37,834,29,30,28,38,32,39,35,30,1718,744,52,15,32,10,32,0,0,1
2026-01-15 15:18:43,922,29,30,28,38,32,39,35,30,1718,744,52,15,32,20,39,0,0,0
2026-01-15 15:18:49,988,29,30,28,37,32,39,34,30,1718,744,52,15,32,20,39,0,0,0
2026-01-15 15:18:56,013,29,30,28,37,32,39,34,30,-862,744,52,15,32,20,39,0,0,0
2026-01-15 15:19:02,085,29,31,28,37,32,39,34,30,-864,744,52,15,32,16,36,0,0,0
2026-01-15 15:19:08,221,30,31,29,37,32,39,34,30,-864,744,52,15,32,17,37,0,0,0
2026-01-15 15:19:14,356,30,31,29,36,32,38,34,30,-864,744,52,15,32,10,32,0,0,1
2026-01-15 15:19:20,404,30,31,29,36,32,38,34,30,1728,744,52,15,32,11,33,0,0,1
2026-01-15 15:19:26,411,30,31,29,36,32,38,34,31,1730,744,52,15,32,19,38,0,0,0
2026-01-15 15:19:32,559,30,31,29,36,32,38,34,31,1734,744,52,15,32,17,37,0,0,0
2026-01-15 15:19:38,703,30,31,29,36,32,38,34,31,1734,744,52,15,32,10,32,0,0,1
2026-01-15 15:19:44,870,30,31,29,35,32,38,33,31,1736,744,52,15,32,10,32,0,0,1
2026-01-15 15:19:51,073,30,31,29,35,32,38,33,31,1740,744,52,15,32,10,32,0,0,1
2026-01-15 15:19:57,149,30,31,29,35,31,38,33,31,1738,744,52,15,32,15,36,0,0,0
2026-01-15 15:20:03,213,30,31,29,35,31,37,33,31,1742,744,52,15,32,19,38,0,0,0
2026-01-15 15:20:09,383,30,31,29,35,31,37,33,31,1740,744,52,15,32,12,33,0,0,1
2026-01-15 15:20:15,526,30,31,29,35,31,37,33,31,1746,744,52,15,32,10,32,0,0,1
2026-01-15 15:20:21,578,30,32,29,35,31,37,33,31,1746,744,52,15,32,10,32,0,0,1
2026-01-15 15:20:27,722,30,32,29,35,31,37,33,31,1744,744,52,15,32,10,32,0,0,1
2026-01-15 15:20:34,290,30,32,29,35,31,37,33,31,1748,744,52,15,32,10,32,0,0,1
2026-01-15 15:20:40,353,30,32,29,35,31,37,33,31,1748,744,52,15,32,10,32,0,0,1
2026-01-15 15:20:46,714,30,32,29,35,31,36,33,31,1750,744,52,15,32,10,32,0,0,1
2026-01-15 15:20:52,872,30,32,29,34,31,36,32,31,1748,744,52,15,32,10,32,0,0,1
2026-01-15 15:20:58,968,30,32,29,34,31,36,32,31,1750,744,52,15,32,10,32,0,0,1
2026-01-15 15:21:05,017,30,31,29,34,31,36,32,31,1752,744,52,15,32,10,32,0,0,1
2026-01-15 15:21:11,090,30,31,29,34,31,36,32,30,1750,744,52,15,32,10,32,0,0,1
2026-01-15 15:21:17,183,30,31,29,34,31,36,32,30,1754,744,52,15,32,10,32,0,0,1
2026-01-15 15:21:23,373,30,31,29,34,30,36,32,30,1754,744,52,15,32,10,32,0,0,1
2026-01-15 15:21:29,552,30,31,29,34,30,36,32,30,1754,744,52,15,32,10,32,0,0,1
2026-01-15 15:21:35,634,30,31,29,34,30,36,32,30,1756,744,52,15,32,10,32,0,0,1
2026-01-15 15:21:41,681,29,31,29,34,30,36,32,30,1754,744,52,15,32,13,34,0,0,0
2026-01-15 15:21:47,708,29,31,29,34,30,36,32,30,1756,744,52,15,32,10,32,0,0,1
2026-01-15 15:21:53,745,29,31,29,34,30,36,32,30,1756,744,52,15,32,10,32,0,0,1
2026-01-15 15:21:59,801,29,31,29,34,30,36,32,30,1754,744,52,15,32,10,32,0,0,1
2026-01-15 15:22:05,895,29,31,29,34,30,36,32,30,1756,744,52,15,32,10,32,0,0,1
2026-01-15 15:22:12,076,29,31,29,34,30,36,32,30,1756,744,52,15,32,10,32,0,0,1
2026-01-15 15:22:18,232,29,31,29,34,30,36,32,30,1758,744,52,15,32,10,32,0,0,1
2026-01-15 15:22:24,401,29,31,29,34,30,36,32,30,1758,744,52,15,32,10,32,0,0,1
2026-01-15 15:22:30,437,29,31,29,34,30,36,32,30,1756,744,52,15,32,10,32,0,0,1
2026-01-15 15:22:36,472,29,31,29,34,30,36,32,30,1758,744,52,15,32,10,32,0,0,1
2026-01-15 15:22:42,628,29,31,29,35,30,36,32,30,1760,744,52,15,32,10,32,0,0,1
2026-01-15 15:22:48,724,29,31,28,35,30,36,32,30,1760,744,52,15,32,10,32,0,0,1
2026-01-15 15:22:54,836,29,30,28,35,30,36,32,29,1760,744,52,15,32,10,32,0,0,1
2026-01-15 15:23:00,973,29,30,28,35,30,36,32,29,1758,744,52,15,32,10,32,0,0,1
2026-01-15 15:23:07,119,28,30,28,35,30,36,32,29,1760,744,52,15,32,10,32,0,0,1
2026-01-15 15:23:13,154,28,30,28,35,30,37,32,29,1760,744,52,15,32,10,32,0,0,1
2026-01-15 15:23:19,189,28,30,28,36,30,37,33,29,1760,744,52,15,32,10,32,0,0,1
2026-01-15 15:23:25,275,28,30,28,36,30,37,33,29,1758,744,52,15,32,10,32,0,0,1
2026-01-15 15:23:31,412,28,30,28,36,30,37,33,29,1760,744,52,15,32,12,33,0,0,1
2026-01-15 15:23:37,462,28,30,28,36,30,37,33,29,1760,744,52,15,32,10,32,0,0,1
2026-01-15 15:23:43,547,28,30,28,37,30,37,33,29,1758,744,52,15,32,10,32,0,0,1
2026-01-15 15:23:49,680,28,30,28,37,30,38,33,29,1762,744,52,15,32,10,32,0,0,1
2026-01-15 15:23:55,705,28,30,28,37,30,38,33,29,1758,744,52,15,32,10,32,0,0,1
2026-01-15 15:24:01,833,28,30,28,37,30,38,33,29,1758,744,52,15,32,10,32,0,0,1
2026-01-15 15:24:07,974,28,30,28,37,30,38,33,29,1760,744,52,15,32,10,32,0,0,1
2026-01-15 15:24:14,105,28,30,28,38,30,38,34,29,1758,744,52,15,32,10,32,0,0,1
2026-01-15 15:24:20,286,28,30,28,38,30,38,34,29,1760,744,52,15,32,10,32,0,0,1
2026-01-15 15:24:26,424,27,29,28,38,32,39,35,28,1758,744,52,15,32,10,32,0,0,1
2026-01-15 15:24:32,461,27,29,28,38,32,39,35,28,1758,744,52,15,32,10,32,0,0,1
2026-01-15 15:24:38,675,27,29,28,38,32,39,35,28,1760,744,52,15,32,10,32,0,0,1
2026-01-15 15:24:44,813,27,29,27,38,32,39,35,28,1758,744,52,15,32,11,33,0,0,1
2026-01-15 15:24:50,848,27,29,27,38,32,39,35,28,1756,744,52,15,32,11,33,0,0,1
2026-01-15 15:24:56,886,27,29,27,39,32,39,35,28,1758,744,52,15,32,11,33,0,0,1
2026-01-15 15:25:02,914,27,29,27,39,32,39,35,28,1758,744,52,15,32,10,32,0,0,1
2026-01-15 15:25:09,188,27,29,27,39,32,39,35,28,1754,744,52,15,32,10,32,0,0,1
2026-01-15 15:25:15,226,27,29,27,39,32,39,35,28,1754,744,52,15,32,10,32,0,0,1
2026-01-15 15:25:21,351,27,29,27,39,32,39,35,28,1756,744,52,15,32,10,32,0,0,1
2026-01-15 15:25:27,508,27,29,27,39,32,39,35,28,1756,744,52,15,32,10,32,0,0,1
2026-01-15 15:25:33,533,27,29,27,39,32,39,35,28,1754,744,52,15,32,10,32,0,0,1
2026-01-15 15:25:39,710,27,29,27,39,32,39,35,28,1752,744,52,15,32,11,33,0,0,1
2026-01-15 15:25:45,812,27,29,27,39,32,39,35,28,1754,744,52,15,32,10,32,0,0,1
2026-01-15 15:25:51,923,27,29,27,39,32,40,35,28,1752,744,52,15,32,11,33,0,0,1
2026-01-15 15:25:57,965,27,29,27,39,32,40,35,28,1752,744,52,15,32,11,33,0,0,1
2026-01-15 15:26:04,119,27,28,27,39,32,40,35,28,1754,744,52,15,32,12,33,0,0,1
2026-01-15 15:26:10,234,27,28,27,39,32,40,35,28,1752,744,52,15,32,10,32,0,0,1
2026-01-15 15:26:16,253,27,28,27,39,32,40,35,27,1750,744,52,15,32,10,32,0,0,1
2026-01-15 15:26:22,271,27,28,27,39,32,40,35,27,1752,744,52,15,32,10,32,0,0,1
2026-01-15 15:26:28,320,27,28,27,40,32,40,36,27,1748,744,52,15,32,11,33,0,0,1
2026-01-15 15:26:34,369,26,28,27,40,32,40,36,27,1748,744,52,15,32,10,32,0,0,1
2026-01-15 15:26:40,481,26,28,27,40,32,40,36,27,1750,744,52,15,32,11,33,0,0,1
2026-01-15 15:26:46,655,26,28,27,40,32,40,36,27,1750,744,52,15,32,10,32,0,0,1
2026-01-15 15:26:52,726,26,28,27,40,32,40,36,27,1748,744,52,15,32,10,32,0,0,1
2026-01-15 15:26:58,860,26,28,27,40,32,40,36,27,1746,744,52,15,32,11,33,0,0,1
2026-01-15 15:27:04,944,26,28,27,40,32,40,36,27,1748,744,52,15,32,10,32,0,0,1
2026-01-15 15:27:11,042,26,28,27,40,32,40,36,27,1746,744,52,15,32,13,34,0,0,1
2026-01-15 15:27:17,162,26,28,27,40,32,40,36,27,1744,744,52,15,32,13,34,0,0,1
2026-01-15 15:27:23,252,26,28,27,40,32,40,36,27,1744,744,52,15,32,10,32,0,0,1
2026-01-15 15:27:29,361,26,28,27,40,32,40,36,27,1746,744,52,15,32,10,32,0,0,1
2026-01-15 15:27:35,498,26,28,27,40,32,40,36,27,1744,744,52,15,32,12,33,0,0,1
2026-01-15 15:27:41,547,26,28,26,40,32,40,36,27,1742,744,52,15,32,14,35,0,0,1
2026-01-15 15:27:47,694,26,28,26,40,32,40,36,27,1746,744,52,15,32,10,32,0,0,1
2026-01-15 15:27:53,803,26,28,26,40,32,40,36,27,1744,744,52,15,32,12,33,0,0,1
2026-01-15 15:27:59,837,26,28,26,40,32,40,36,27,1742,744,52,15,32,13,34,0,0,1
2026-01-15 15:28:05,875,26,28,26,40,32,41,36,27,1742,744,52,15,32,13,34,0,0,1
2026-01-15 15:28:12,016,26,28,26,40,32,41,36,27,1744,744,52,15,32,16,36,0,0,1
2026-01-15 15:28:18,148,26,28,26,40,32,41,36,27,1744,744,52,15,32,10,32,0,0,1
2026-01-15 15:28:24,164,26,28,26,40,32,41,36,27,1740,744,52,15,32,10,32,0,0,1
2026-01-15 15:28:30,214,26,28,26,40,32,41,36,27,1740,744,52,15,32,10,32,0,0,1
2026-01-15 15:28:36,253,26,28,26,40,32,41,36,27,1742,744,52,15,32,12,33,0,0,1
2026-01-15 15:28:42,401,26,28,26,40,32,41,36,27,1740,744,52,15,32,12,33,0,0,1
2026-01-15 15:28:48,695,26,28,26,40,32,41,36,27,1740,744,52,15,32,11,33,0,0,1
2026-01-15 15:28:54,742,26,28,26,40,32,41,36,27,1740,744,52,15,32,10,32,0,0,1
2026-01-15 15:29:01,073,26,28,26,40,32,41,36,27,1740,744,52,15,32,11,33,0,0,1
2026-01-15 15:29:07,097,26,28,26,40,32,41,36,27,1738,744,52,15,32,10,32,0,0,1
2026-01-15 15:29:13,368,26,28,26,40,32,41,36,27,1740,744,52,15,32,10,32,0,0,1
2026-01-15 15:29:19,552,26,28,26,40,32,41,36,27,1740,744,52,15,32,11,33,0,0,1
2026-01-15 15:29:25,921,26,28,26,40,32,41,36,27,1738,744,52,15,32,11,33,0,0,1
2026-01-15 15:29:31,973,26,28,26,40,32,41,36,27,1738,744,52,15,32,12,33,0,0,1
2026-01-15 15:29:37,975,26,28,26,40,32,41,36,27,1740,744,52,15,32,10,32,0,0,1
2026-01-15 15:29:44,489,26,28,26,40,32,41,36,27,1740,744,52,15,32,10,32,0,0,1
2026-01-15 15:29:50,837,26,28,26,40,32,41,36,27,1738,744,52,15,32,10,32,0,0,1
2026-01-15 15:29:57,373,26,28,26,41,32,41,36,27,1738,744,52,15,32,10,32,0,0,1
2026-01-15 15:30:03,500,26,28,26,41,33,41,37,27,1738,744,52,15,32,10,32,0,0,1
2026-01-15 15:30:09,802,26,27,26,41,34,41,37,27,1738,744,52,15,32,10,32,0,0,1
2026-01-15 15:30:16,009,26,27,26,41,34,41,37,26,1734,744,52,15,32,10,32,0,0,1
2026-01-15 15:30:22,449,26,27,26,41,34,41,37,26,1734,744,52,15,32,10,32,0,0,1
2026-01-15 15:30:28,673,26,27,26,41,34,41,37,26,1734,744,52,15,32,10,32,0,0,1
2026-01-15 15:30:35,252,26,27,26,41,34,41,37,26,1732,744,52,15,32,10,32,0,0,1
2026-01-15 15:30:41,280,26,27,26,41,34,41,37,26,1732,744,52,15,32,10,32,0,0,1
2026-01-15 15:30:47,347,26,27,26,41,34,41,37,26,1730,744,52,15,32,10,32,0,0,1
2026-01-15 15:30:53,466,26,27,26,41,34,41,37,26,1728,744,52,15,32,10,32,0,0,1
2026-01-15 15:30:59,921,26,27,26,41,34,41,37,26,1730,744,52,15,32,10,32,0,0,1
2026-01-15 15:31:06,061,26,27,26,41,34,41,37,26,1730,744,52,15,32,10,32,0,0,1
2026-01-15 15:31:12,631,26,27,26,41,34,41,37,26,1726,744,52,15,32,11,33,0,0,1
2026-01-15 15:31:18,689,26,27,26,41,34,41,37,26,1724,744,52,15,32,11,33,0,0,1
2026-01-15 15:31:24,750,26,27,26,40,34,41,37,26,1724,744,52,15,32,10,32,0,0,1
2026-01-15 15:31:30,814,26,27,26,40,34,40,37,26,1724,744,52,15,32,10,32,0,0,1
2026-01-15 15:31:37,030,26,27,26,40,34,40,37,26,-863,744,52,15,32,10,32,0,0,1
2026-01-15 15:31:43,089,26,27,26,40,34,41,37,26,-864,744,52,15,32,10,32,0,0,1
2026-01-15 15:31:49,518,26,27,26,41,34,41,37,26,1726,744,52,15,32,10,32,0,0,1
2026-01-15 15:31:56,124,26,27,26,41,34,41,37,26,1724,744,52,15,32,10,32,0,0,1
2026-01-15 15:32:02,509,26,27,26,41,34,41,37,26,-864,744,52,15,32,11,33,0,0,1
2026-01-15 15:32:08,719,26,27,26,41,34,41,37,26,1724,744,52,15,32,10,32,0,0,1
2026-01-15 15:32:14,995,26,27,26,41,34,41,37,26,1724,744,52,15,32,10,32,0,0,1
2026-01-15 15:32:21,061,26,27,26,41,34,41,37,26,-863,744,52,15,32,10,32,0,0,1
2026-01-15 15:32:27,215,26,27,26,41,34,41,37,26,1724,744,52,15,32,10,32,0,0,1
2026-01-15 15:32:33,311,26,27,26,41,34,41,37,26,1724,744,52,15,32,10,32,0,0,1
2026-01-15 15:32:39,373,26,27,26,41,34,41,37,26,1724,744,52,15,32,10,32,0,0,1
2026-01-15 15:32:45,501,26,27,26,41,34,41,37,26,1724,744,52,15,32,10,32,0,0,1
2026-01-15 15:32:51,582,26,27,26,41,34,41,37,26,1724,744,52,15,32,11,33,0,0,1
2026-01-15 15:32:57,731,26,27,26,41,34,41,37,26,1726,744,52,15,32,12,33,0,0,1
2026-01-15 15:33:03,881,26,27,26,41,34,41,37,26,1724,744,52,15,32,11,33,0,0,1
2026-01-15 15:33:09,951,26,27,26,41,34,41,37,26,1726,744,52,15,32,12,33,0,0,1
2026-01-15 15:33:16,084,26,27,26,41,34,41,37,26,1722,744,52,15,32,10,32,0,0,1
2026-01-15 15:33:22,155,26,27,26,41,34,41,37,26,1724,744,52,15,32,11,33,0,0,1
2026-01-15 15:33:28,343,26,27,26,41,34,41,37,26,-863,744,52,15,32,11,33,0,0,1
2026-01-15 15:33:34,409,26,27,26,41,34,41,37,26,1726,744,52,15,32,10,32,0,0,1
2026-01-15 15:33:40,517,26,27,26,41,34,41,37,26,-863,744,52,15,32,10,32,0,0,1
2026-01-15 15:33:46,776,26,27,26,41,34,41,37,26,-862,744,52,15,32,10,32,0,0,1
2026-01-15 15:33:52,847,26,27,26,41,34,41,37,26,-864,744,52,15,32,11,33,0,0,1
2026-01-15 15:33:58,929,26,27,26,41,34,41,37,26,-864,744,52,15,32,11,33,0,0,1
2026-01-15 15:34:05,049,26,27,26,41,34,41,37,26,-864,744,52,15,32,12,33,0,0,1
2026-01-15 15:34:11,081,25,27,26,41,34,41,37,26,-862,744,52,15,32,12,33,0,0,1
2026-01-15 15:34:17,162,25,27,26,40,33,41,36,26,1724,744,52,15,32,10,32,0,0,1
2026-01-15 15:34:23,338,25,27,26,40,33,41,36,26,-864,744,52,15,32,11,33,0,0,1
2026-01-15 15:34:29,387,25,27,26,40,33,41,36,26,-862,744,52,15,32,10,32,0,0,1
2026-01-15 15:34:35,486,25,27,26,40,33,40,36,26,-863,744,52,15,32,10,32,0,0,1
2026-01-15 15:34:41,579,25,27,26,40,33,40,36,26,-863,744,52,15,32,10,32,0,0,1
2026-01-15 15:34:47,661,25,27,26,40,33,40,36,26,-863,744,52,15,32,10,32,0,0,1
2026-01-15 15:34:53,733,25,27,26,40,33,40,36,26,-862,744,52,15,32,10,32,0,0,1
2026-01-15 15:35:00,047,25,27,26,40,33,40,36,26,-862,744,52,15,32,10,32,0,0,1
2026-01-15 15:35:06,176,25,27,26,40,33,40,36,26,-862,744,52,15,32,10,32,0,0,1
2026-01-15 15:35:12,443,25,27,26,40,33,40,36,26,1726,744,52,15,32,10,32,0,0,1
2026-01-15 15:35:18,603,25,27,26,40,33,40,36,26,1728,744,52,15,32,10,32,0,0,1
2026-01-15 15:35:24,640,25,27,26,40,33,40,36,26,1726,744,52,15,32,10,32,0,0,1
2026-01-15 15:35:30,721,25,27,25,40,33,40,36,26,1726,744,52,15,32,10,32,0,0,1
2026-01-15 15:35:36,842,25,27,25,40,33,40,36,26,1728,744,52,15,32,10,32,0,0,1
2026-01-15 15:35:43,163,25,27,25,40,33,40,36,26,1728,744,52,15,32,10,32,0,0,1
2026-01-15 15:35:49,314,25,26,25,40,33,40,36,26,1728,744,52,15,32,10,32,0,0,1
2026-01-15 15:35:55,445,25,26,25,40,33,40,36,26,1728,744,52,15,32,12,33,0,0,1
2026-01-15 15:36:01,764,25,26,25,40,33,40,36,26,1730,744,52,15,32,10,32,0,0,1
2026-01-15 15:36:07,821,25,26,25,40,33,40,36,26,1730,744,52,15,32,10,32,0,0,1
2026-01-15 15:36:13,885,25,26,25,40,33,40,36,26,1730,744,52,15,32,10,32,0,0,1
2026-01-15 15:36:20,070,25,26,25,40,33,40,36,26,1730,744,52,15,32,10,32,0,0,1
2026-01-15 15:36:26,141,25,26,25,40,33,40,36,26,1730,744,52,15,32,10,32,0,0,1
2026-01-15 15:36:32,298,25,26,25,40,33,40,36,26,1728,744,52,15,32,10,32,0,0,1
2026-01-15 15:36:38,382,25,26,25,40,33,40,36,26,1730,744,52,15,32,10,32,0,0,1
2026-01-15 15:36:44,451,25,26,25,40,33,40,36,26,1730,744,52,15,32,10,32,0,0,1
2026-01-15 15:36:50,521,25,26,25,40,33,40,36,26,1732,744,52,15,32,10,32,0,0,1
2026-01-15 15:36:56,602,25,26,25,39,33,40,36,26,1730,744,52,15,32,10,32,0,0,1
2026-01-15 15:37:02,670,25,26,25,39,33,40,36,26,1732,744,52,15,32,10,32,0,0,1
2026-01-15 15:37:08,734,25,27,25,39,33,40,36,26,1730,744,52,15,32,10,32,0,0,1
2026-01-15 15:37:14,826,25,27,25,39,33,40,36,26,1730,744,52,15,32,10,32,0,0,1
2026-01-15 15:37:20,918,25,27,25,39,33,40,36,26,1730,744,52,15,32,13,34,0,0,1
2026-01-15 15:37:27,000,25,27,25,39,33,40,36,26,1730,744,52,15,32,18,38,0,0,0
2026-01-15 15:37:33,071,25,27,25,39,33,40,36,26,1730,744,52,15,32,11,33,0,0,1
2026-01-15 15:37:39,269,25,27,25,39,33,40,36,26,1730,744,52,15,32,13,34,0,0,1
2026-01-15 15:37:45,505,25,27,25,39,33,40,36,26,1730,744,52,15,32,13,34,0,0,1
2026-01-15 15:37:51,533,25,27,25,39,33,40,36,26,1730,744,52,15,32,14,35,0,0,1
2026-01-15 15:37:57,634,25,27,25,39,33,40,36,26,1730,744,52,15,32,16,36,0,0,1
2026-01-15 15:38:03,674,25,27,25,39,33,41,36,26,1730,744,52,15,32,16,36,0,0,1
2026-01-15 15:38:09,778,25,27,25,39,33,41,36,26,1730,744,52,15,32,15,36,0,0,1
2026-01-15 15:38:15,840,25,27,25,39,33,41,36,26,1732,744,52,15,32,15,36,0,0,1
2026-01-15 15:38:21,911,25,27,25,39,33,41,36,26,1730,744,52,15,32,15,36,0,0,1
2026-01-15 15:38:27,991,25,27,25,39,33,41,36,26,1728,744,52,15,32,14,35,0,0,1
2026-01-15 15:38:34,047,25,27,25,40,33,41,36,26,1728,744,52,15,32,15,36,0,0,1
2026-01-15 15:38:40,230,25,27,25,40,33,41,36,26,1730,744,52,15,32,13,34,0,0,1
2026-01-15 15:38:46,506,25,27,25,40,33,42,36,26,1730,744,52,15,32,16,36,0,0,1
2026-01-15 15:38:52,611,25,27,25,40,33,42,36,26,1726,744,52,15,32,18,38,0,0,0
2026-01-15 15:38:58,676,25,27,25,40,33,42,36,26,1730,744,52,15,32,17,37,0,0,0
2026-01-15 15:39:04,730,25,27,25,40,33,42,36,26,1726,744,52,15,32,18,38,0,0,0
2026-01-15 15:39:10,836,25,27,25,41,34,42,37,26,1728,744,52,15,32,18,38,0,0,0
2026-01-15 15:39:16,903,25,27,25,41,34,42,37,26,1726,744,52,15,32,19,38,0,0,0
2026-01-15 15:39:23,153,25,27,25,41,34,43,37,26,1728,744,52,15,32,20,39,0,0,0
2026-01-15 15:39:29,260,25,27,25,41,34,43,37,26,1728,744,52,15,32,21,40,0,0,0
2026-01-15 15:39:35,324,25,27,25,41,34,43,37,26,1728,744,52,15,32,21,40,0,0,0
2026-01-15 15:39:41,403,25,27,25,41,34,44,37,26,1728,744,52,15,32,20,39,0,0,0
2026-01-15 15:39:47,409,25,27,25,41,34,44,37,26,1728,744,52,15,32,21,40,0,0,0
2026-01-15 15:39:53,546,25,27,25,42,34,44,38,26,1726,744,52,15,32,21,40,0,0,0
2026-01-15 15:39:59,664,25,27,25,42,34,44,38,26,1726,744,52,15,32,21,40,0,0,0
2026-01-15 15:40:05,725,25,27,25,42,34,45,38,26,1726,744,52,15,32,21,40,0,0,0
2026-01-15 15:40:11,877,25,27,25,42,34,45,38,26,1726,744,52,15,32,21,40,0,0,0
2026-01-15 15:40:18,458,25,27,25,43,34,45,38,26,1726,744,52,15,32,21,40,0,0,0
2026-01-15 15:40:24,491,25,27,25,43,34,45,38,26,1724,744,52,15,32,21,40,0,0,0
2026-01-15 15:40:30,761,25,27,25,43,35,46,39,26,1726,744,52,15,32,21,40,0,0,0
2026-01-15 15:40:42,196,25,27,25,44,35,46,39,26,1724,744,52,15,32,21,40,0,0,0
2026-01-15 15:40:48,423,25,27,25,44,35,46,39,26,1724,744,52,15,32,21,40,0,0,0
2026-01-15 15:40:54,560,25,27,25,45,35,46,40,26,1726,744,52,15,32,10,32,0,0,1
2026-01-15 15:41:01,453,25,27,25,45,36,46,40,26,1726,744,52,33,41,10,56,0,0,0
2026-01-15 15:41:07,553,25,27,25,45,36,47,40,26,1728,744,52,15,32,25,50,0,0,0
2026-01-15 15:41:13,611,25,27,25,45,36,47,40,26,1726,744,52,15,32,90,90,0,1,0
2026-01-15 15:41:19,659,26,27,25,45,36,47,40,26,1728,744,52,15,32,90,90,0,1,0
2026-01-15 15:41:25,874,26,27,25,49,36,47,42,26,1724,744,52,15,32,89,89,0,1,0
2026-01-15 15:41:32,097,26,27,25,50,36,48,43,26,1726,744,52,15,32,89,90,0,1,0
2026-01-15 15:41:38,215,26,27,25,50,36,48,43,26,1726,744,52,15,32,89,89,0,1,0
2026-01-15 15:41:44,389,25,27,25,48,36,48,42,26,1726,744,52,15,32,40,40,0,0,1
2026-01-15 15:41:50,551,25,27,25,47,36,48,41,26,1726,744,52,15,32,40,40,0,0,1
2026-01-15 15:41:56,568,26,27,25,45,36,47,40,26,1728,744,52,15,32,40,40,0,0,1
2026-01-15 15:42:02,605,26,27,25,44,36,46,40,26,1724,744,52,15,32,40,40,0,0,1
2026-01-15 15:42:08,734,26,27,25,42,36,44,39,26,1724,744,52,15,32,40,40,0,1,0
2026-01-15 15:42:15,055,26,27,25,41,36,43,38,26,-862,744,52,15,32,40,40,0,1,0
2026-01-15 15:42:21,191,26,27,25,40,35,43,37,26,-862,744,52,15,32,40,40,0,1,0
2026-01-15 15:42:27,331,26,27,25,40,35,43,37,26,-863,744,52,15,32,40,40,0,1,0
2026-01-15 15:42:33,627,26,27,25,40,35,42,37,26,1710,744,52,15,32,40,40,0,1,0
2026-01-15 15:42:39,703,26,27,25,40,34,42,37,26,1706,744,52,15,32,40,40,0,1,0
2026-01-15 15:42:45,807,26,27,25,40,34,42,37,26,1700,744,52,15,32,40,40,0,1,0
2026-01-15 15:42:52,004,26,27,25,40,34,48,37,26,1698,744,52,15,32,40,40,0,1,0
2026-01-15 15:42:58,055,26,27,25,40,35,49,37,26,1694,744,52,15,32,40,40,0,1,0
2026-01-15 15:43:04,155,26,27,25,40,35,50,37,27,1692,744,52,15,32,40,40,0,1,0
2026-01-15 15:43:10,366,26,27,25,40,36,53,38,27,1692,744,52,15,32,40,40,0,1,0
2026-01-15 15:43:16,570,26,27,25,41,36,54,38,27,1690,744,52,15,32,40,40,0,1,0
2026-01-15 15:43:22,644,26,27,25,41,37,55,39,27,1690,744,52,15,32,40,53,0,1,0
2026-01-15 15:43:28,783,26,27,25,43,37,56,40,27,1686,744,52,15,32,40,53,0,1,0
2026-01-15 15:43:35,116,26,27,25,45,37,58,41,27,1686,744,52,15,32,40,53,0,0,0
2026-01-15 15:43:41,594,26,27,25,47,38,59,42,27,1686,744,52,15,32,40,53,0,0,0
2026-01-15 15:43:47,933,26,27,25,50,38,61,44,27,-864,744,52,15,32,40,53,0,0,0
2026-01-15 15:43:53,988,26,27,25,52,39,62,45,27,-863,744,52,15,32,40,53,0,0,0
2026-01-15 15:44:00,136,26,27,25,54,39,63,46,27,-863,744,52,15,32,41,54,0,0,0
2026-01-15 15:44:06,288,26,27,25,51,39,62,45,27,-861,744,52,15,32,90,90,0,1,0
2026-01-15 15:44:12,329,26,27,25,46,39,55,42,27,1668,744,52,15,32,90,90,0,1,0
2026-01-15 15:44:18,368,26,28,26,44,38,53,41,27,1668,744,52,15,32,90,90,0,1,0
2026-01-15 15:44:24,480,26,28,26,44,38,55,41,27,1668,744,52,15,32,88,90,0,1,0
2026-01-15 15:44:30,582,26,28,26,45,39,61,42,27,1664,744,52,15,32,90,90,0,1,0
2026-01-15 15:44:36,733,26,28,26,46,40,65,43,27,1662,744,52,15,32,90,90,0,1,0
2026-01-15 15:44:43,010,26,28,26,46,41,72,43,27,1662,744,52,15,32,90,90,0,1,0
2026-01-15 15:44:49,237,26,28,26,49,42,76,45,27,1660,744,52,15,32,90,90,0,1,0
2026-01-15 15:44:55,344,26,28,26,54,43,79,48,27,1658,744,52,15,32,88,90,0,1,0
2026-01-15 15:45:01,385,26,28,26,60,44,82,52,27,1658,744,52,15,32,82,90,0,1,0
2026-01-15 15:45:07,437,26,28,26,63,46,84,54,27,1656,744,52,15,32,87,90,0,1,0
2026-01-15 15:45:13,491,26,28,26,68,48,86,58,27,1652,744,52,15,32,37,64,0,0,0
2026-01-15 15:45:19,638,26,28,26,72,49,87,60,27,1646,744,52,15,32,37,67,0,0,0
2026-01-15 15:45:25,758,26,28,26,75,51,89,63,27,1638,744,52,15,32,37,66,0,0,0
2026-01-15 15:45:31,943,26,28,26,77,53,89,65,27,1626,744,52,15,32,37,66,0,0,0
2026-01-15 15:45:38,136,26,28,26,79,54,89,66,27,-864,744,52,15,32,37,66,0,0,1
2026-01-15 15:45:44,345,26,28,26,81,56,89,68,27,-863,744,52,15,32,37,66,0,0,1
2026-01-15 15:45:50,515,26,28,26,83,57,87,70,27,-863,744,52,15,32,37,66,0,0,1
2026-01-15 15:45:56,589,26,28,26,81,58,82,69,27,-863,744,52,15,32,37,66,0,0,1
2026-01-15 15:46:02,665,26,28,26,77,58,77,67,27,-863,744,52,15,32,37,66,0,0,1
2026-01-15 15:46:08,685,26,28,26,72,58,72,65,27,-863,744,52,15,32,37,66,0,0,0
2026-01-15 15:46:14,795,26,28,26,68,58,68,63,27,-863,744,52,15,32,37,66,0,0,0
2026-01-15 15:46:20,877,26,28,26,66,57,67,61,27,-862,744,52,15,32,37,66,0,0,0
2026-01-15 15:46:26,960,26,28,26,65,57,66,61,27,-865,744,52,15,32,37,66,0,0,0
2026-01-15 15:46:33,057,26,28,26,66,56,69,61,27,-808,744,52,15,32,37,66,0,0,0
2026-01-15 15:46:39,116,27,28,26,67,56,71,61,27,-807,744,52,15,32,37,66,0,0,0
2026-01-15 15:46:45,178,27,28,26,69,55,73,62,27,-807,744,52,15,32,37,66,0,0,0
2026-01-15 15:46:51,427,27,28,26,69,55,74,62,27,-807,744,52,15,32,37,66,0,0,0
2026-01-15 15:46:57,573,27,28,26,70,55,74,62,27,-805,744,52,15,32,37,66,0,0,0
2026-01-15 15:47:03,624,27,28,26,70,55,75,62,27,-806,744,52,15,32,37,66,0,0,0
2026-01-15 15:47:09,768,27,28,26,71,56,75,63,27,-806,744,52,15,32,37,66,0,0,0
2026-01-15 15:47:15,882,27,28,26,71,56,75,63,27,-806,744,52,15,32,37,66,0,0,0
2026-01-15 15:47:22,161,27,28,26,72,56,76,64,27,-862,744,52,15,32,37,66,0,0,0
2026-01-15 15:47:28,439,27,28,26,72,56,76,64,27,-862,744,52,15,32,37,66,0,0,0
2026-01-15 15:47:34,498,27,28,26,70,56,76,63,27,-863,744,52,15,32,37,66,0,0,0
2026-01-15 15:47:40,561,27,28,26,69,56,73,62,27,-863,744,52,15,32,37,66,0,0,0
2026-01-15 15:47:46,589,27,28,26,68,56,72,62,27,-862,744,52,15,32,37,66,0,0,0
2026-01-15 15:47:52,940,27,28,26,68,56,71,62,27,-863,744,52,15,32,37,66,0,0,0
2026-01-15 15:47:59,019,27,28,26,68,56,71,62,27,-862,744,52,15,32,37,66,0,0,0
2026-01-15 15:48:05,086,27,28,26,68,56,71,62,27,-862,744,52,15,32,37,66,0,0,0
2026-01-15 15:48:11,145,27,28,26,69,56,72,62,27,-862,744,52,15,32,37,66,0,0,0
2026-01-15 15:48:17,265,27,28,26,70,56,73,63,27,-864,744,52,15,32,37,66,0,0,0
2026-01-15 15:48:23,348,27,28,26,70,56,73,63,27,-863,744,52,15,32,37,66,0,0,0
2026-01-15 15:48:29,526,27,28,26,70,56,74,63,27,-862,744,52,15,32,37,66,0,0,0
2026-01-15 15:48:35,689,27,28,26,71,56,74,63,27,-864,744,52,15,32,37,66,0,0,0
2026-01-15 15:48:41,988,27,28,26,71,57,74,64,27,-863,744,52,15,32,37,66,0,0,0
2026-01-15 15:48:48,855,27,28,26,72,57,74,64,27,1652,744,52,15,32,37,66,0,0,0
2026-01-15 15:48:54,978,27,28,26,72,57,74,64,28,1656,744,52,15,32,37,66,0,0,0
2026-01-15 15:49:01,079,27,28,26,73,57,75,65,28,1658,744,52,15,32,37,66,0,0,0
2026-01-15 15:49:07,149,27,28,26,73,58,76,65,28,1666,744,52,15,32,37,66,0,0,0
2026-01-15 15:49:13,223,27,28,26,74,58,77,66,28,1668,744,52,15,32,37,66,0,0,1
2026-01-15 15:49:19,466,27,28,26,74,58,75,66,28,1668,744,52,15,32,37,66,0,0,1
2026-01-15 15:49:25,532,27,28,26,72,58,72,65,28,1670,744,52,15,32,37,66,0,0,0
2026-01-15 15:49:31,597,27,28,26,68,58,68,63,28,1676,744,52,15,32,37,66,0,0,0
2026-01-15 15:49:37,729,27,28,26,66,57,65,61,28,1680,744,52,15,32,37,66,0,0,0
2026-01-15 15:49:43,748,27,28,26,66,57,64,61,28,-862,744,52,15,32,37,66,0,0,0
2026-01-15 15:49:49,872,27,28,26,66,56,63,61,28,-863,744,52,15,32,37,66,0,0,0
2026-01-15 15:49:55,933,27,28,26,66,56,64,61,28,-863,744,52,15,32,37,66,0,0,0
2026-01-15 15:50:01,935,27,28,26,66,56,65,61,28,-864,744,52,15,32,37,66,0,0,0
2026-01-15 15:50:08,025,27,28,26,66,55,67,60,28,-863,744,52,15,32,37,66,0,0,0
2026-01-15 15:50:14,053,27,28,26,67,55,68,61,28,-863,744,52,15,32,37,66,0,0,0
2026-01-15 15:50:20,214,27,28,26,68,55,68,61,28,-863,744,52,15,32,37,66,0,0,0
2026-01-15 15:50:26,517,27,28,26,68,55,68,61,28,-863,744,52,15,32,37,66,0,0,0
2026-01-15 15:50:32,593,27,28,26,69,55,68,62,28,-863,744,52,15,32,37,66,0,0,0
2026-01-15 15:50:38,613,27,28,26,70,55,69,62,28,-862,744,52,15,32,37,66,0,0,0
2026-01-15 15:50:45,866,27,28,26,71,55,69,63,28,1702,744,52,15,32,37,66,0,0,0
2026-01-15 15:50:51,956,27,28,26,71,55,68,63,28,1704,744,52,15,32,37,66,0,0,0
2026-01-15 15:50:58,058,27,28,26,72,55,68,63,28,1706,744,52,15,32,37,66,0,0,0
2026-01-15 15:51:04,139,27,28,26,72,55,69,63,28,1708,744,52,15,32,37,66,0,0,0
2026-01-15 15:51:10,406,27,28,26,72,55,69,63,28,1710,744,52,15,32,37,66,0,0,0
2026-01-15 15:51:16,550,27,28,26,73,55,69,64,28,1712,744,52,15,32,37,66,0,0,0
2026-01-15 15:51:22,642,27,28,26,73,55,70,64,28,1716,744,52,15,32,37,66,0,0,0
2026-01-15 15:51:28,947,27,28,26,74,55,70,64,28,-864,744,52,15,32,37,66,0,0,0
2026-01-15 15:51:35,017,27,28,26,74,56,70,65,28,-862,744,52,15,32,37,66,0,0,0
2026-01-15 15:51:41,373,27,28,26,75,56,70,65,28,-862,744,52,15,32,37,66,0,0,0
2026-01-15 15:51:47,557,27,28,26,76,56,70,66,28,-863,744,52,15,32,37,66,0,0,1
2026-01-15 15:51:54,667,27,28,26,76,56,70,66,28,1722,744,52,15,32,37,66,0,0,1
2026-01-15 15:52:01,575,27,28,26,72,56,67,64,27,1722,744,52,15,32,37,66,0,0,0
2026-01-15 15:52:08,569,27,28,26,67,55,63,61,27,1724,744,52,15,32,37,66,0,0,0
2026-01-15 15:52:21,650,26,28,26,65,54,61,59,27,1726,744,52,15,32,37,66,0,0,0
2026-01-15 15:52:27,695,26,28,26,65,53,60,59,27,1726,744,52,15,32,37,66,0,0,0
2026-01-15 15:52:33,797,26,28,26,65,53,60,59,27,1728,744,52,15,32,37,66,0,0,0
2026-01-15 15:52:39,847,26,28,26,65,53,61,59,27,1728,744,52,15,32,37,66,0,0,0
2026-01-15 15:52:45,896,26,28,26,65,53,62,59,27,1728,744,52,15,32,37,66,0,0,0
2026-01-15 15:52:52,221,26,28,26,66,52,62,59,27,1730,744,52,15,32,37,66,0,0,0
2026-01-15 15:52:58,449,26,28,26,67,52,63,59,27,1728,744,52,15,32,37,66,0,0,0
2026-01-15 15:53:04,531,26,28,25,68,52,64,60,27,1728,744,52,15,32,37,66,0,0,0
2026-01-15 15:53:17,635,26,28,25,69,52,65,60,27,1730,744,52,15,32,37,66,0,0,0
2026-01-15 15:53:23,694,26,28,25,70,52,65,61,27,1730,744,52,15,32,37,66,0,0,0
2026-01-15 15:53:29,823,26,28,25,71,52,66,61,27,1730,744,52,15,32,37,66,0,0,0
2026-01-15 15:53:36,017,26,28,25,71,53,66,62,27,1732,744,52,15,32,37,66,0,0,0
2026-01-15 15:53:42,145,26,28,25,72,53,67,62,27,1732,744,52,15,32,37,66,0,0,0
2026-01-15 15:53:48,209,26,28,25,72,53,67,62,27,1732,744,52,15,32,37,66,0,0,0
2026-01-15 15:53:54,337,26,28,25,72,53,68,62,27,1734,744,52,15,32,37,66,0,0,0
2026-01-15 15:54:00,551,26,28,25,73,53,69,63,27,1734,744,52,15,32,37,66,0,0,0
2026-01-15 15:54:07,554,26,28,25,74,53,69,63,27,1732,744,52,15,32,37,66,0,0,0
2026-01-15 15:54:13,741,26,28,25,74,53,69,63,27,1734,744,52,15,32,37,66,0,0,0
2026-01-15 15:54:19,982,26,28,25,74,54,70,64,27,1736,744,52,15,32,37,66,0,0,0
2026-01-15 15:54:26,070,26,28,25,74,54,70,64,27,1736,744,52,15,32,37,66,0,0,0
2026-01-15 15:54:32,126,26,28,25,75,54,71,64,27,1736,744,52,15,32,37,66,0,0,0
2026-01-15 15:54:38,215,26,28,25,75,55,71,65,27,1736,744,52,15,32,37,66,0,0,0
2026-01-15 15:54:44,287,26,28,25,76,55,72,65,27,1736,744,52,15,32,37,66,0,0,0
2026-01-15 15:54:50,504,26,28,25,76,55,72,65,27,1738,744,52,15,32,37,66,0,0,0
2026-01-15 15:54:57,461,26,28,25,76,55,73,65,27,1738,744,52,15,32,37,66,0,0,0
2026-01-15 15:55:03,543,26,28,25,77,56,74,66,27,1736,744,52,15,32,37,66,0,0,1
2026-01-15 15:55:09,658,26,28,25,77,56,74,66,27,1738,744,52,15,32,37,66,0,0,1
2026-01-15 15:55:15,739,26,28,25,74,56,71,65,27,1736,744,52,15,32,37,66,0,0,0
2026-01-15 15:55:21,885,26,28,25,71,55,68,63,27,1738,744,52,15,32,37,66,0,0,0
2026-01-15 15:55:27,916,26,28,25,67,55,63,61,27,1740,744,52,15,32,37,66,0,0,0
2026-01-15 15:55:34,024,26,28,25,65,54,62,59,27,1738,744,52,15,32,37,66,0,0,0
2026-01-15 15:55:40,131,26,28,25,64,53,61,58,27,1738,744,52,15,32,37,66,0,0,0
2026-01-15 15:55:46,202,26,28,25,64,53,61,58,27,1738,744,52,15,32,37,66,0,0,0
2026-01-15 15:55:52,445,26,28,25,65,53,61,59,27,1738,744,52,15,32,37,66,0,0,0
2026-01-15 15:55:59,415,26,28,25,66,53,61,59,27,1738,744,52,15,32,37,66,0,0,0
2026-01-15 15:56:05,507,26,28,25,67,52,62,59,27,1740,744,52,15,32,37,66,0,0,0
2026-01-15 15:56:11,606,26,28,25,69,52,63,60,27,1738,744,52,15,32,37,66,0,0,0
2026-01-15 15:56:17,678,26,28,25,70,52,63,61,27,1740,744,52,15,32,37,66,0,0,0
2026-01-15 15:56:23,732,26,28,25,70,52,64,61,27,1738,744,52,15,32,37,66,0,0,0
2026-01-15 15:56:29,813,26,28,25,70,52,64,61,27,1738,744,52,15,32,37,66,0,0,0
2026-01-15 15:56:36,094,26,28,25,71,52,65,61,27,1740,744,52,15,32,37,66,0,0,0
2026-01-15 15:56:42,193,26,28,25,71,52,65,61,27,1738,744,52,15,32,37,66,0,0,0
2026-01-15 15:56:48,430,26,28,25,72,52,66,62,27,1738,744,52,15,32,37,66,0,0,0
2026-01-15 15:56:55,303,26,27,25,72,53,67,62,26,1740,744,52,15,32,37,66,0,0,0
2026-01-15 15:57:01,394,26,27,25,72,53,67,62,26,1738,744,52,15,32,37,66,0,0,0
2026-01-15 15:57:07,628,26,27,25,72,54,68,63,26,1738,744,52,15,32,37,66,0,0,0
2026-01-15 15:57:13,888,26,27,25,73,54,68,63,26,1738,744,52,15,32,37,66,0,0,0
2026-01-15 15:57:20,158,26,27,25,73,54,68,63,26,1738,744,52,15,32,37,66,0,0,0
2026-01-15 15:57:26,386,26,27,25,73,54,69,63,26,1740,744,52,15,32,37,66,0,0,0
2026-01-15 15:57:33,340,26,27,25,74,54,69,64,26,1740,744,52,15,32,37,66,0,0,0
2026-01-15 15:57:39,637,26,27,25,74,54,70,64,26,1738,744,52,15,32,37,66,0,0,0
2026-01-15 15:57:45,733,26,27,25,75,54,70,64,26,1740,744,52,15,32,37,66,0,0,0
2026-01-15 15:57:52,115,26,27,25,75,55,71,65,26,1740,744,52,15,32,37,66,0,0,0
2026-01-15 15:57:58,229,26,27,25,75,55,71,65,26,1738,744,52,15,32,37,66,0,0,0
2026-01-15 15:58:05,238,26,27,25,76,55,72,65,26,1740,744,52,15,32,37,66,0,0,0
2026-01-15 15:58:11,324,26,27,25,76,55,72,65,26,1740,744,52,15,32,37,66,0,0,0
2026-01-15 15:58:17,374,26,27,25,76,56,72,66,26,1738,744,52,15,32,37,66,0,0,1
2026-01-15 15:58:23,504,26,27,25,76,56,73,66,26,1738,744,52,15,32,37,66,0,0,1
2026-01-15 15:58:29,560,26,27,25,75,56,71,65,26,1738,744,52,15,32,37,66,0,0,0
2026-01-15 15:58:35,637,26,27,25,71,56,66,63,26,1738,744,52,15,32,37,66,0,0,0
2026-01-15 15:58:41,784,26,27,25,69,55,65,62,26,1740,744,52,15,32,37,66,0,0,0
2026-01-15 15:58:47,961,26,27,25,67,55,63,61,26,1738,744,52,15,32,37,66,0,0,0
2026-01-15 15:58:54,038,26,27,25,66,54,62,60,26,1740,744,52,15,32,37,66,0,0,0
2026-01-15 15:59:00,159,26,27,25,66,54,62,60,26,1740,744,52,15,32,37,66,0,0,0
2026-01-15 15:59:07,314,26,27,25,67,54,62,60,26,1742,744,52,15,32,37,66,0,0,0
2026-01-15 15:59:13,369,26,27,25,68,54,62,61,26,1738,744,52,15,32,37,66,0,0,0
2026-01-15 15:59:19,523,26,27,25,69,54,62,61,26,1742,744,52,15,32,37,66,0,0,0
2026-01-15 15:59:25,545,26,27,25,69,54,62,61,26,1740,744,52,15,32,37,66,0,0,0
2026-01-15 15:59:31,627,26,27,25,70,54,63,62,26,1738,744,52,15,32,37,66,0,0,0
2026-01-15 15:59:37,941,26,27,25,70,54,63,62,26,1740,744,52,15,32,37,66,0,0,0
2026-01-15 15:59:44,232,26,27,25,70,54,64,62,26,1738,744,52,15,32,37,66,0,0,0
2026-01-15 15:59:51,387,26,27,25,70,53,65,61,26,1736,744,52,15,32,37,66,0,0,0
2026-01-15 15:59:57,417,26,27,25,71,54,65,62,26,1740,744,52,15,32,37,66,0,0,0
2026-01-15 16:00:03,538,26,27,25,71,54,65,62,26,1738,744,52,15,32,37,66,0,0,0
2026-01-15 16:00:09,544,26,27,25,71,54,66,62,26,1736,744,52,15,32,37,66,0,0,0
2026-01-15 16:00:15,654,26,27,25,71,54,66,62,26,1738,744,52,15,32,37,66,0,0,0
2026-01-15 16:00:22,175,26,27,25,71,54,66,62,26,1736,744,52,15,32,38,66,0,0,0
2026-01-15 16:00:29,142,26,27,25,71,54,66,62,26,1738,744,52,15,32,37,66,0,0,0
2026-01-15 16:00:35,396,26,27,25,71,54,67,62,26,1738,744,52,15,32,37,66,0,0,0
2026-01-15 16:00:41,632,26,27,25,71,54,67,62,26,1736,744,52,15,32,37,66,0,0,0
2026-01-15 16:00:48,207,26,27,25,71,55,67,63,26,1738,744,52,15,32,37,66,0,0,0
2026-01-15 16:00:55,180,26,27,25,72,55,67,63,26,1736,744,52,15,32,37,66,0,0,0
2026-01-15 16:01:01,575,26,27,25,73,55,68,64,26,1736,744,52,15,32,37,66,0,0,0
2026-01-15 16:01:07,741,26,27,25,74,55,68,64,26,1736,744,52,15,32,37,66,0,0,0
2026-01-15 16:01:14,352,26,27,25,74,55,68,64,26,1740,744,52,15,32,37,66,0,0,0
2026-01-15 16:01:21,077,26,27,25,75,56,68,65,26,1740,744,52,15,32,37,66,0,0,0
2026-01-15 16:01:27,150,26,27,25,76,56,68,66,26,1738,744,52,15,32,37,66,0,0,1
2026-01-15 16:01:33,191,26,27,25,76,56,69,66,26,1738,744,52,15,32,37,66,0,0,1
2026-01-15 16:01:39,338,26,27,25,75,56,68,65,26,1740,744,52,15,32,37,66,0,0,0
2026-01-15 16:01:45,386,26,27,25,70,55,65,62,26,1738,744,52,15,32,37,66,0,0,0
2026-01-15 16:01:51,466,26,27,25,61,54,55,57,26,1740,744,52,15,32,37,66,0,0,0
2026-01-15 16:01:57,661,26,27,25,58,53,52,55,26,1738,744,52,15,32,37,66,0,0,0
2026-01-15 16:02:03,708,26,27,25,55,52,49,53,26,1738,744,52,15,32,37,66,0,0,0
2026-01-15 16:02:09,756,26,27,25,54,51,48,52,26,1740,744,52,15,32,37,66,0,0,0
2026-01-15 16:02:15,860,26,27,25,52,50,47,51,26,1738,744,52,15,32,37,66,0,0,0
2026-01-15 16:02:21,919,26,27,25,50,49,47,49,26,1736,744,52,15,32,37,66,0,0,0
2026-01-15 16:02:27,942,26,27,25,49,49,46,49,26,1738,744,52,15,32,37,66,0,0,0
2026-01-15 16:02:34,986,26,27,25,48,48,46,48,26,1734,744,52,15,32,37,66,0,0,0
2026-01-15 16:02:41,063,26,27,25,48,48,46,48,26,1730,744,52,15,32,37,66,0,0,0
2026-01-15 16:02:47,099,26,27,25,48,48,46,48,26,1730,744,52,15,32,37,66,0,0,0
2026-01-15 16:02:54,124,26,27,25,48,47,45,47,26,1724,744,52,15,32,37,66,0,0,0
2026-01-15 16:03:00,959,26,27,25,49,46,45,47,26,1722,744,52,15,32,37,66,0,0,0
2026-01-15 16:03:08,030,26,27,25,48,46,46,47,26,1722,744,52,15,32,37,66,0,0,0
2026-01-15 16:03:14,177,26,27,25,47,46,46,46,26,1722,744,52,15,32,37,66,0,0,0
2026-01-15 16:03:20,307,26,27,25,46,45,46,45,26,1720,744,52,15,32,37,66,0,0,0
2026-01-15 16:03:26,446,26,27,25,47,45,45,46,26,1722,744,52,15,32,37,66,0,0,0
2026-01-15 16:03:32,575,26,27,25,48,44,45,46,26,1716,744,52,15,32,37,66,0,0,0
2026-01-15 16:03:38,710,26,27,25,47,44,47,45,26,1716,744,52,15,32,37,66,0,0,0
2026-01-15 16:03:44,858,26,27,25,46,44,47,45,26,1714,744,52,15,32,37,66,0,0,0
2026-01-15 16:03:50,933,26,27,25,45,44,46,44,26,-864,744,52,15,32,37,66,0,0,0
2026-01-15 16:03:57,062,26,27,25,44,44,46,44,26,-863,744,52,15,32,37,66,0,0,0
2026-01-15 16:04:03,202,26,27,25,44,44,47,44,26,-865,744,52,15,32,37,66,0,0,0
2026-01-15 16:04:09,362,26,27,25,43,44,47,43,26,-864,744,52,15,32,37,66,0,0,0
2026-01-15 16:04:15,410,26,27,25,42,44,47,43,26,-863,744,52,15,32,37,66,0,0,0
2026-01-15 16:04:21,507,26,27,25,42,43,47,42,26,-864,744,52,15,32,37,66,0,0,0
2026-01-15 16:04:27,639,25,27,25,43,43,46,43,26,-865,744,52,15,32,37,66,0,0,0
2026-01-15 16:04:33,779,25,27,25,44,43,45,43,26,-864,744,52,15,32,37,66,0,0,0
2026-01-15 16:04:39,919,25,26,25,44,43,43,43,26,-863,744,52,15,32,37,66,0,0,0
2026-01-15 16:04:46,837,25,26,25,45,42,43,43,26,1716,744,52,15,32,37,66,0,0,0
2026-01-15 16:04:52,974,25,26,25,45,42,43,43,26,1720,744,52,15,32,37,66,0,0,0
2026-01-15 16:04:59,116,25,26,25,45,42,43,43,26,1718,744,52,15,32,37,66,0,0,0
2026-01-15 16:05:05,418,25,26,25,43,42,44,42,26,1720,744,52,15,32,37,66,0,0,0
2026-01-15 16:05:11,566,25,26,25,44,42,44,43,26,1722,744,52,15,32,37,66,0,0,0
2026-01-15 16:05:17,852,25,26,25,44,42,44,43,26,1722,744,52,15,32,37,66,0,0,0
2026-01-15 16:05:24,762,25,26,25,44,41,45,42,26,1724,744,52,33,41,41,68,0,0,0
2026-01-15 16:05:31,886,25,26,25,44,41,45,42,26,1726,744,52,15,32,48,71,0,1,0
2026-01-15 16:05:38,766,25,26,25,44,41,45,42,26,1726,744,52,15,32,48,71,0,1,0
2026-01-15 16:05:45,750,25,26,25,51,42,47,46,26,1726,744,52,15,32,48,71,0,1,0
2026-01-15 16:05:51,805,25,26,25,57,42,49,49,26,1728,744,52,37,43,48,71,0,0,0
2026-01-15 16:05:57,870,25,26,25,68,44,58,56,26,1728,744,52,15,28,48,71,0,0,0
2026-01-15 16:06:03,949,25,26,25,71,46,62,58,26,1728,744,52,15,28,48,71,0,0,0
2026-01-15 16:06:10,070,25,26,25,74,48,64,61,26,1728,744,52,15,46,48,71,0,0,0
2026-01-15 16:06:16,133,25,26,25,76,49,62,62,26,1730,744,52,15,50,48,71,0,0,0
2026-01-15 16:06:22,340,25,26,25,78,51,63,64,26,1730,744,52,15,33,48,71,0,0,0
2026-01-15 16:06:28,451,25,26,25,79,52,65,65,26,1728,744,52,15,33,48,71,0,0,0
2026-01-15 16:06:34,519,25,26,25,80,53,69,66,26,1732,744,52,15,49,48,71,0,0,0
2026-01-15 16:06:40,590,25,26,25,80,54,70,67,26,1728,744,52,15,38,48,71,0,0,0
2026-01-15 16:06:46,701,25,26,25,81,54,72,67,26,1730,744,52,15,38,68,80,0,1,0
2026-01-15 16:06:59,811,26,26,25,81,56,74,68,26,1730,744,52,15,38,68,68,0,0,1
2026-01-15 16:07:06,070,26,27,25,82,57,75,69,26,1730,744,52,15,38,68,68,0,0,1
2026-01-15 16:07:12,198,26,27,25,82,58,74,70,26,1730,744,52,15,38,68,70,0,0,1
2026-01-15 16:07:18,304,26,27,25,83,59,74,71,26,1730,744,52,15,38,68,70,0,0,1
2026-01-15 16:07:24,385,26,27,25,81,59,72,70,26,1730,744,52,15,38,68,70,0,0,1
2026-01-15 16:07:30,449,26,-26,25,75,-75,68,37,13,1730,744,52,43,47,68,70,0,1,0
2026-01-15 16:07:36,482,26,27,25,72,58,65,65,26,1730,744,52,15,38,68,70,0,1,0
2026-01-15 16:07:42,587,26,27,26,68,58,62,63,27,1732,744,52,15,38,68,70,0,1,0
2026-01-15 16:07:49,735,26,27,26,67,58,63,62,27,1732,744,52,15,38,68,70,0,1,0
2026-01-15 16:07:55,983,26,28,26,69,57,64,63,27,1732,744,52,15,38,68,70,0,1,0
2026-01-15 16:08:02,045,26,28,26,78,58,70,68,27,1730,744,52,15,38,68,70,0,1,0
2026-01-15 16:08:08,177,26,28,26,84,59,72,71,27,1730,744,52,15,38,68,70,0,0,1
2026-01-15 16:08:14,253,26,28,26,94,61,76,77,27,1730,744,52,15,39,68,70,0,0,1
2026-01-15 16:08:20,319,26,28,26,98,62,79,80,27,1730,744,52,47,49,68,70,1,0,1
2026-01-15 16:08:26,404,26,28,26,99,62,79,80,27,1732,744,52,15,39,68,70,0,0,1
2026-01-15 16:08:32,525,26,28,26,98,63,77,80,27,1732,744,52,15,39,68,70,0,0,1
2026-01-15 16:08:39,786,26,28,26,89,62,70,75,27,1732,744,52,15,39,68,70,0,0,1
2026-01-15 16:08:45,964,26,28,26,79,62,65,70,27,1732,744,52,15,39,68,70,0,0,1
2026-01-15 16:08:52,153,26,28,26,75,61,62,68,27,1736,744,52,15,39,68,70,0,1,0
2026-01-15 16:08:58,233,26,28,26,69,60,58,64,27,1732,744,52,15,39,68,70,0,1,0
2026-01-15 16:09:04,413,26,28,26,72,59,57,65,27,1732,744,52,15,39,68,70,0,1,0
2026-01-15 16:09:10,474,27,28,26,79,58,58,68,27,1736,744,52,15,39,68,70,0,0,0
2026-01-15 16:09:17,613,26,29,27,88,59,67,73,27,1736,744,52,15,39,68,70,0,0,1
2026-01-15 16:09:23,680,26,29,27,91,60,70,75,28,1732,744,52,15,39,68,70,0,0,1
2026-01-15 16:09:29,810,26,29,27,90,61,70,75,28,1734,744,52,15,39,68,70,0,0,1
2026-01-15 16:09:35,903,26,29,27,87,61,68,74,28,1734,744,52,15,39,68,70,0,0,1
2026-01-15 16:09:41,959,26,29,27,79,60,63,69,28,1732,744,52,15,39,68,70,0,0,0
2026-01-15 16:09:48,119,26,29,27,75,60,61,67,28,1732,744,52,15,39,68,70,0,1,0
2026-01-15 16:09:54,329,27,29,27,68,58,57,63,28,1732,744,52,15,39,68,70,0,1,0
2026-01-15 16:10:00,538,27,29,27,70,58,56,64,28,1730,744,52,15,39,68,70,0,1,0
2026-01-15 16:10:07,491,27,29,27,77,58,59,67,28,1730,744,52,15,39,68,70,0,1,0
2026-01-15 16:10:13,625,27,29,27,88,58,67,73,28,1730,744,52,15,39,68,70,0,0,1
2026-01-15 16:10:19,632,27,29,27,92,58,71,75,28,1732,744,52,15,39,68,70,0,0,1
2026-01-15 16:10:25,817,26,29,27,93,60,71,76,28,1728,744,52,15,39,68,70,0,0,1
2026-01-15 16:10:31,891,26,29,27,91,60,69,75,28,1730,744,52,15,39,68,70,0,0,1
2026-01-15 16:10:37,945,26,29,27,82,59,63,70,28,1730,744,52,15,39,68,70,0,0,1
2026-01-15 16:10:44,133,26,29,27,78,59,61,68,28,1728,744,52,15,39,68,70,0,0,0
2026-01-15 16:10:50,230,26,29,27,71,57,56,64,28,1728,744,52,15,39,68,70,0,1,0
2026-01-15 16:10:56,285,26,29,27,68,57,55,62,28,1728,744,52,15,39,68,70,0,1,0
2026-01-15 16:11:02,366,26,29,27,70,56,55,63,28,1726,744,52,15,39,68,70,0,1,0
2026-01-15 16:11:09,363,26,29,27,82,57,63,69,28,1726,744,52,15,39,68,70,0,0,0
2026-01-15 16:11:15,509,26,29,27,87,57,68,72,28,1726,744,52,15,39,68,70,0,0,1
2026-01-15 16:11:21,578,26,29,27,94,58,74,76,28,1728,744,52,15,39,68,70,0,0,1
2026-01-15 16:11:27,649,26,29,27,94,59,74,76,28,1726,744,52,15,39,68,70,0,0,1
2026-01-15 16:11:33,683,26,29,27,90,59,69,74,28,1728,744,52,15,39,68,70,0,0,1
2026-01-15 16:11:39,767,26,29,27,86,59,66,72,28,1728,744,52,15,39,68,70,0,0,1
2026-01-15 16:11:45,878,26,29,27,78,58,60,68,28,1726,744,52,15,39,68,70,0,1,0
2026-01-15 16:11:51,909,26,29,27,75,58,58,66,28,1728,744,52,15,39,68,70,0,1,0
2026-01-15 16:11:57,985,26,29,27,75,57,55,66,28,1728,744,52,15,39,68,70,0,1,0
2026-01-15 16:12:04,332,26,29,27,77,56,56,66,28,1726,744,52,15,39,68,70,0,1,0
2026-01-15 16:12:11,307,26,29,27,85,57,64,71,28,1726,744,52,15,39,68,70,0,0,1
2026-01-15 16:12:17,575,26,29,27,91,58,71,74,28,1726,744,52,15,39,68,70,0,0,1
2026-01-15 16:12:23,635,26,29,27,91,58,70,74,27,1728,744,52,15,39,68,70,0,0,1
2026-01-15 16:12:29,707,25,29,27,87,59,66,73,27,1728,744,52,15,39,68,70,0,0,1
2026-01-15 16:12:35,914,25,29,27,84,58,63,71,27,1724,744,52,15,39,68,70,0,0,1
2026-01-15 16:12:41,941,25,29,27,77,58,58,67,27,1726,744,52,15,39,68,70,0,1,0
2026-01-15 16:12:47,971,25,29,27,73,57,56,65,27,1728,744,52,15,39,68,70,0,1,0
2026-01-15 16:12:54,153,26,29,27,72,56,54,64,27,1724,744,52,15,39,68,70,0,1,0
2026-01-15 16:13:00,393,26,29,27,76,56,55,66,27,1724,744,52,15,39,68,70,0,1,0
2026-01-15 16:13:06,735,26,29,27,85,56,64,70,27,-863,744,52,15,39,68,70,0,0,1
2026-01-15 16:13:12,784,25,29,27,92,58,71,75,27,1724,744,52,15,39,68,70,0,0,1
2026-01-15 16:13:18,844,25,29,27,94,58,72,76,27,1728,744,52,15,39,68,70,0,0,1
2026-01-15 16:13:24,920,25,28,27,94,59,69,76,27,-863,744,52,15,39,68,70,0,0,1
2026-01-15 16:13:31,137,25,28,27,90,58,65,74,27,-862,744,52,15,39,68,70,0,0,1
2026-01-15 16:13:38,301,25,28,27,81,58,59,69,27,1724,744,52,15,39,68,70,0,0,0
2026-01-15 16:13:44,338,25,28,27,78,57,57,67,27,1724,744,52,15,39,68,70,0,1,0
2026-01-15 16:13:50,518,25,28,27,72,56,54,64,27,1724,744,52,15,39,68,70,0,1,0
2026-01-15 16:13:56,694,25,28,27,74,56,54,65,27,1726,744,52,15,39,68,70,0,1,0
2026-01-15 16:14:02,769,25,28,27,81,56,59,68,27,-862,744,52,15,39,68,70,0,0,0
2026-01-15 16:14:08,901,25,28,27,87,56,66,71,27,-862,744,52,15,39,68,70,0,0,1
2026-01-15 16:14:14,956,25,28,27,91,57,71,74,27,-862,744,52,15,39,68,70,0,0,1
2026-01-15 16:14:21,146,25,28,27,91,58,68,74,27,-862,744,52,15,39,68,70,0,0,1
2026-01-15 16:14:28,483,25,28,27,85,57,62,71,26,1724,744,52,15,39,68,70,0,0,1
2026-01-15 16:14:35,212,25,28,27,78,57,58,67,26,1722,744,52,15,39,68,70,0,1,0
2026-01-15 16:14:42,007,25,28,27,73,56,55,64,26,1724,744,52,15,39,68,70,0,1,0
2026-01-15 16:14:49,146,25,28,27,76,55,55,65,26,1722,744,52,15,39,68,70,0,1,0
2026-01-15 16:14:56,103,25,28,27,84,56,62,70,26,1722,744,52,15,39,68,70,0,0,1
2026-01-15 16:15:03,088,25,28,27,91,57,70,74,26,1720,744,52,15,39,68,70,0,0,1
2026-01-15 16:15:10,227,24,28,27,95,57,70,76,26,1722,744,52,15,39,68,70,0,0,1
2026-01-15 16:15:17,027,24,28,27,93,57,66,75,26,1722,744,52,15,39,68,70,0,0,1
2026-01-15 16:15:23,932,24,28,27,88,57,61,72,26,1722,744,52,15,39,68,70,0,0,1
2026-01-15 16:15:31,012,24,28,27,80,56,57,68,26,1722,744,52,15,39,68,70,0,1,0
2026-01-15 16:15:37,989,24,28,27,75,55,54,65,26,1722,744,52,15,39,68,70,0,1,0
2026-01-15 16:15:44,961,24,28,27,80,55,54,67,26,1722,744,52,15,39,68,70,0,1,0
2026-01-15 16:15:52,132,24,28,27,86,55,61,70,26,1722,744,52,15,39,68,70,0,0,1
2026-01-15 16:15:58,958,24,28,27,92,56,68,74,26,1722,744,52,15,39,68,70,0,0,1
2026-01-15 16:16:05,925,24,28,27,91,57,67,74,26,1722,744,52,15,39,68,70,0,0,1
2026-01-15 16:16:12,881,24,28,27,88,57,63,72,26,1720,744,52,15,39,68,70,0,0,1
2026-01-15 16:16:19,920,24,28,26,83,56,59,69,26,1724,744,52,15,39,68,70,0,0,0
2026-01-15 16:16:27,007,24,28,26,77,55,56,66,26,1722,744,52,15,39,68,70,0,1,0
2026-01-15 16:16:33,968,24,27,26,75,55,54,65,26,1720,744,52,15,39,68,70,0,1,0
2026-01-15 16:16:41,091,24,27,26,82,55,56,68,26,1722,744,52,15,39,68,70,0,0,0
2026-01-15 16:16:47,850,24,27,26,89,56,65,72,26,1722,744,52,15,39,68,70,0,0,1
2026-01-15 16:16:54,828,24,27,26,92,57,70,74,25,1724,744,52,15,39,68,70,0,0,1
2026-01-15 16:17:01,783,24,27,26,91,58,67,74,25,1720,744,52,15,39,68,70,0,0,1
2026-01-15 16:17:08,742,24,27,26,87,57,62,72,25,1722,744,52,15,39,68,70,0,0,1
2026-01-15 16:17:15,853,24,27,26,81,57,58,69,25,1720,744,52,15,39,68,70,0,0,0
2026-01-15 16:17:22,880,24,27,26,75,56,55,65,25,1720,744,52,15,39,68,70,0,1,0
2026-01-15 16:17:29,737,24,27,26,75,55,54,65,25,1720,744,52,15,39,68,70,0,1,0
2026-01-15 16:17:42,825,24,27,26,87,56,64,71,25,1720,744,52,15,39,68,70,0,0,1
2026-01-15 16:17:49,802,24,27,26,93,57,71,75,25,1720,744,52,15,39,68,70,0,0,1
2026-01-15 16:17:56,709,24,27,26,93,58,70,75,25,1722,744,52,15,39,68,70,0,0,1
2026-01-15 16:18:03,671,24,27,26,91,58,66,74,25,1722,744,52,15,39,68,70,0,0,1
2026-01-15 16:18:10,649,23,27,26,86,57,61,71,25,1720,744,52,15,39,68,70,0,0,1
2026-01-15 16:18:17,792,24,27,26,80,57,58,68,25,1720,744,52,15,39,68,70,0,0,0
2026-01-15 16:18:24,621,24,27,26,75,56,55,65,25,1722,744,52,15,39,68,70,0,1,0
2026-01-15 16:18:31,667,24,27,26,74,55,53,64,25,1720,744,52,15,39,68,70,0,1,0
2026-01-15 16:18:38,573,24,27,26,80,55,57,67,25,1722,744,52,15,39,68,70,0,1,0
2026-01-15 16:18:45,593,24,27,26,87,56,65,71,25,1722,744,52,15,39,68,70,0,0,1
2026-01-15 16:18:58,658,23,27,26,93,58,71,75,25,1722,744,52,15,39,68,70,0,0,1
2026-01-15 16:19:05,547,23,27,26,91,58,67,74,25,1724,744,52,15,39,68,70,0,0,1
2026-01-15 16:19:12,560,23,26,26,87,57,62,72,25,1722,744,52,15,39,68,70,0,0,1
2026-01-15 16:19:19,640,23,26,26,81,57,59,69,25,1724,744,52,15,39,68,70,0,0,0
2026-01-15 16:19:25,792,23,26,26,79,56,57,67,25,1722,744,52,15,39,68,70,0,1,0
2026-01-15 16:19:31,865,23,26,26,73,55,55,64,25,1724,744,52,15,39,68,70,0,1,0
2026-01-15 16:19:37,920,24,26,26,75,55,54,65,25,1722,744,52,15,39,68,70,0,1,0
2026-01-15 16:19:43,949,24,26,26,84,55,60,69,25,1724,744,52,15,39,68,70,0,0,0
2026-01-15 16:19:50,156,23,26,26,88,55,64,71,25,1724,744,52,15,39,68,70,0,0,1
2026-01-15 16:19:56,257,23,26,26,94,57,72,75,25,1722,744,52,15,39,68,70,0,0,1
2026-01-15 16:20:02,502,23,26,26,95,58,70,76,25,1722,744,52,15,39,68,70,0,0,1
2026-01-15 16:20:08,574,23,26,26,95,58,68,76,25,1726,744,52,15,39,68,70,0,0,1
2026-01-15 16:20:14,693,23,26,25,90,58,63,74,25,1726,744,52,15,39,68,70,0,0,1
2026-01-15 16:20:20,760,23,26,25,86,58,61,72,24,1726,744,52,15,39,68,70,0,0,1
2026-01-15 16:20:26,783,23,26,25,79,57,57,68,24,1724,744,52,15,39,68,70,0,1,0
2026-01-15 16:20:32,785,23,26,25,76,56,55,66,24,1724,744,52,15,39,68,70,0,1,0
2026-01-15 16:20:38,825,23,26,25,73,55,53,64,24,1728,744,52,15,39,68,70,0,1,0
2026-01-15 16:20:44,891,23,26,25,77,55,54,66,24,1726,744,52,15,39,68,70,0,1,0
2026-01-15 16:20:51,031,23,26,25,87,55,63,71,24,1726,744,52,15,39,68,70,0,0,1
2026-01-15 16:20:57,254,23,26,25,90,56,67,73,24,1726,744,52,15,39,68,70,0,0,1
2026-01-15 16:21:03,396,23,26,25,94,57,71,75,24,1726,744,52,15,39,68,70,0,0,1
2026-01-15 16:21:10,440,23,26,25,94,58,68,76,24,1726,744,52,15,39,68,70,0,0,1
2026-01-15 16:21:17,004,23,26,25,92,58,66,75,24,1728,744,52,15,39,68,70,0,0,1
2026-01-15 16:21:23,020,23,25,25,86,57,61,71,24,1730,744,52,15,39,68,70,0,0,1
2026-01-15 16:21:29,044,23,25,25,83,57,59,70,24,1728,744,52,15,39,68,70,0,0,1
2026-01-15 16:21:35,476,23,25,25,76,55,56,65,24,1730,744,52,15,39,68,70,0,1,0
2026-01-15 16:21:42,364,23,25,25,74,54,55,64,24,1728,744,52,15,39,68,70,0,1,0
2026-01-15 16:21:48,601,23,25,25,77,54,55,65,24,1728,744,52,15,39,68,70,0,1,0
2026-01-15 16:21:54,813,23,25,25,86,55,63,70,24,1728,744,52,15,39,68,70,0,0,1
2026-01-15 16:22:01,212,23,25,25,90,56,67,73,24,1732,744,52,15,39,68,70,0,0,1
2026-01-15 16:22:08,451,22,25,25,96,57,72,76,24,1732,744,52,15,39,68,70,0,0,1
2026-01-15 16:22:14,527,22,25,25,98,58,71,78,24,1734,744,52,15,39,68,70,0,0,1
2026-01-15 16:22:21,112,22,25,25,97,58,68,77,24,1730,744,52,15,39,68,70,0,0,1
2026-01-15 16:22:28,616,22,25,24,92,58,64,75,23,1732,744,52,15,39,68,70,0,0,1
2026-01-15 16:22:35,322,22,25,24,85,57,60,71,23,1732,744,52,15,39,68,70,0,0,1
2026-01-15 16:22:42,453,22,25,24,78,56,56,67,23,1732,744,52,15,39,68,70,0,1,0
2026-01-15 16:22:48,505,22,25,24,75,55,55,65,23,1732,744,52,15,39,68,70,0,1,0
2026-01-15 16:22:54,828,22,25,24,75,54,54,64,23,1730,744,52,15,39,68,70,0,1,0
2026-01-15 16:23:00,925,22,25,24,78,54,54,66,24,1732,744,52,15,39,68,70,0,1,0
2026-01-15 16:23:07,012,22,25,24,86,55,63,70,24,1734,744,52,15,39,68,70,0,0,1
2026-01-15 16:23:14,130,22,25,24,94,56,71,75,23,1734,744,52,15,39,68,70,0,0,1
2026-01-15 16:23:20,276,22,25,24,96,57,72,76,23,1734,744,52,15,39,68,70,0,0,1
2026-01-15 16:23:26,301,22,25,24,98,58,71,78,23,1732,744,52,15,39,68,70,0,0,1
2026-01-15 16:23:32,411,22,24,24,98,58,69,78,23,1732,744,52,15,39,68,70,0,0,1
2026-01-15 16:23:38,512,22,24,24,93,57,65,75,23,1732,744,52,15,39,68,70,0,0,1
2026-01-15 16:23:44,595,22,24,24,90,57,62,73,23,1732,744,52,15,39,68,70,0,0,1
2026-01-15 16:23:50,664,22,24,24,82,56,59,69,23,1734,744,52,15,39,68,70,0,0,0
2026-01-15 16:23:56,719,22,24,24,79,55,57,67,23,1734,744,52,15,39,68,70,0,1,0
2026-01-15 16:24:02,796,22,24,24,75,54,55,64,23,1736,744,52,15,39,68,70,0,1,0
2026-01-15 16:24:09,104,22,24,24,74,54,55,64,23,1732,744,52,15,39,68,70,0,1,0
2026-01-15 16:24:16,028,22,24,24,82,54,59,68,23,1732,744,52,15,39,68,70,0,1,0
2026-01-15 16:24:22,157,22,24,24,91,56,68,73,23,1732,744,52,15,39,68,70,0,0,1
2026-01-15 16:24:28,207,22,24,24,94,56,71,75,23,1732,744,52,15,39,68,70,0,0,1
2026-01-15 16:24:34,267,22,24,24,99,58,73,78,23,1732,744,52,15,39,68,70,0,0,1
2026-01-15 16:24:40,406,21,24,24,99,58,72,78,23,1734,744,52,15,39,68,70,0,0,1
2026-01-15 16:24:46,462,21,24,23,99,58,69,78,23,1736,744,52,15,39,68,70,0,0,1
2026-01-15 16:24:52,571,21,24,23,97,58,67,77,23,1734,744,52,15,39,68,70,0,0,1
2026-01-15 16:24:58,816,21,24,23,90,57,64,73,23,1732,744,52,15,39,68,70,0,0,1
2026-01-15 16:25:05,761,21,24,23,84,57,61,70,23,1732,744,52,15,39,68,70,0,0,1
2026-01-15 16:25:11,950,21,24,23,81,56,59,68,23,1732,744,52,15,39,68,70,0,0,0
2026-01-15 16:25:18,391,21,24,23,77,55,58,66,23,1732,744,52,15,39,68,70,0,1,0
2026-01-15 16:25:24,497,21,24,23,75,55,57,65,23,1732,744,52,15,39,68,70,0,1,0
2026-01-15 16:25:30,580,22,24,23,79,55,57,67,23,1734,744,52,15,39,68,70,0,1,0
2026-01-15 16:25:36,610,22,24,23,84,55,61,69,23,1732,744,52,15,39,68,70,0,0,0
2026-01-15 16:25:43,662,22,24,23,92,56,70,74,23,1732,744,52,15,39,68,70,0,0,1
2026-01-15 16:25:49,738,21,24,23,96,58,74,77,23,1734,744,52,15,39,68,70,0,0,1
2026-01-15 16:25:55,866,21,24,23,97,58,74,77,23,1730,744,52,15,39,68,70,0,0,1
2026-01-15 16:26:02,085,21,24,23,97,58,71,77,22,1730,744,52,15,39,68,70,0,0,1
2026-01-15 16:26:08,176,21,24,23,95,58,69,76,22,1728,744,52,15,39,68,70,0,0,1
2026-01-15 16:26:14,517,21,24,23,90,58,65,74,22,1728,744,52,15,39,68,70,0,0,1
2026-01-15 16:26:21,531,21,24,23,84,57,62,70,22,1726,744,52,15,39,68,70,0,0,1
2026-01-15 16:26:27,689,21,24,23,81,57,61,69,22,1726,744,52,15,39,68,70,0,0,0
2026-01-15 16:26:33,781,21,24,23,76,56,59,66,23,1726,744,52,15,39,68,70,0,1,0
2026-01-15 16:26:39,840,22,24,23,75,56,58,65,23,1728,744,52,15,39,68,70,0,1,0
2026-01-15 16:26:46,289,22,24,23,80,56,59,68,23,1726,744,52,15,39,68,70,0,1,0
2026-01-15 16:26:52,542,22,24,23,83,56,63,69,23,1724,744,52,15,39,68,70,0,0,0
2026-01-15 16:26:59,920,22,24,23,91,57,71,74,23,1722,744,52,15,39,68,70,0,0,1
2026-01-15 16:27:05,992,21,24,23,95,58,75,76,23,1724,744,52,15,39,68,70,0,0,1
2026-01-15 16:27:13,844,21,24,23,97,59,74,78,23,1724,744,52,15,39,68,70,0,0,1
2026-01-15 16:27:22,574,21,24,23,95,59,70,77,22,1724,744,52,15,39,68,70,0,0,1
2026-01-15 16:27:29,947,21,24,23,89,59,66,74,22,1722,744,52,15,39,68,70,0,0,1
2026-01-15 16:27:43,418,21,23,23,81,58,61,69,22,1724,744,52,15,39,68,70,0,0,0
2026-01-15 16:27:49,516,21,24,23,77,57,59,67,23,-862,744,52,15,39,68,70,0,1,0
2026-01-15 16:27:55,896,22,24,23,74,57,58,65,23,1722,744,52,15,39,68,70,0,1,0
2026-01-15 16:28:02,425,22,24,23,76,56,58,66,23,1722,744,52,15,39,68,70,0,1,0
2026-01-15 16:28:09,471,22,24,23,84,56,61,70,23,1724,744,52,15,39,68,70,0,0,1
2026-01-15 16:28:15,557,22,24,23,91,57,69,74,23,-863,744,52,15,39,68,70,0,0,1
2026-01-15 16:28:22,089,21,24,23,95,58,72,76,23,-863,744,52,15,39,68,70,0,0,1
2026-01-15 16:28:29,479,21,23,23,96,59,72,77,22,1722,744,52,15,39,68,70,0,0,1
2026-01-15 16:28:36,639,21,23,23,94,59,69,76,22,1724,744,52,15,39,68,70,0,0,1
2026-01-15 16:28:43,161,21,23,23,89,58,66,73,22,1722,744,52,15,39,68,70,0,0,1
2026-01-15 16:28:50,657,21,23,23,84,58,62,71,22,1724,744,52,15,39,68,70,0,0,1
2026-01-15 16:28:57,660,21,23,23,79,57,60,68,22,1722,744,52,15,39,68,70,0,1,0
2026-01-15 16:29:04,390,21,23,23,75,57,58,66,22,1722,744,52,15,39,68,70,0,1,0
2026-01-15 16:29:10,482,21,23,23,75,56,58,65,22,1724,744,52,15,39,68,70,0,1,0
2026-01-15 16:29:17,055,22,23,23,82,57,63,69,22,-861,744,52,15,39,68,70,0,0,0
2026-01-15 16:29:24,206,21,23,23,91,58,72,74,22,1722,744,52,15,39,68,70,0,0,1
2026-01-15 16:29:31,131,21,23,23,93,58,75,75,22,1722,744,52,15,39,68,70,0,0,1
2026-01-15 16:29:38,000,21,23,23,94,59,73,76,22,1722,744,52,15,39,68,70,0,0,1
2026-01-15 16:29:45,301,21,23,23,92,59,70,75,22,1722,744,52,15,39,68,70,0,0,1
2026-01-15 16:29:52,155,21,23,23,87,59,66,73,22,1722,744,52,15,39,68,70,0,0,1
2026-01-15 16:29:59,056,21,23,23,82,58,63,70,22,1724,744,52,15,39,68,70,0,0,1
2026-01-15 16:30:06,080,21,23,23,78,58,61,68,22,1722,744,52,15,39,68,70,0,1,0
2026-01-15 16:30:13,236,22,23,23,75,57,59,66,22,1720,744,52,15,39,68,70,0,1,0
2026-01-15 16:30:20,049,22,23,23,79,57,59,68,22,1720,744,52,15,39,68,70,0,1,0
2026-01-15 16:30:26,873,22,23,23,86,57,66,71,22,1720,744,52,15,39,68,70,0,0,1
2026-01-15 16:30:42,832,21,23,23,94,59,73,76,22,1718,744,52,15,39,68,70,0,0,1
2026-01-15 16:30:48,986,21,23,23,93,59,71,76,22,1718,744,52,15,39,68,70,0,0,1
2026-01-15 16:30:55,027,21,23,23,91,59,69,75,22,1716,744,52,15,39,68,70,0,0,1
2026-01-15 16:31:01,506,21,23,23,87,59,66,73,22,1716,744,52,15,39,68,70,0,0,1
2026-01-15 16:31:07,851,21,23,23,83,59,63,71,22,1714,744,52,15,39,68,70,0,0,1
2026-01-15 16:31:14,054,21,23,23,79,58,61,68,22,-861,744,52,15,39,68,70,0,0,0
2026-01-15 16:31:21,049,22,23,23,75,58,59,66,22,-863,744,52,15,39,68,70,0,1,0
2026-01-15 16:31:27,987,22,23,23,75,57,58,66,22,1714,744,52,15,39,68,70,0,1,0
2026-01-15 16:31:35,463,22,23,23,80,58,62,69,23,-862,744,52,15,39,68,70,0,0,0
2026-01-15 16:31:41,510,22,23,23,87,58,68,72,23,-862,744,52,15,39,68,70,0,0,1
2026-01-15 16:31:47,762,22,23,23,91,59,73,75,22,-861,744,52,15,39,68,70,0,0,1
2026-01-15 16:31:55,076,22,23,23,92,59,72,75,22,1714,744,52,15,39,68,70,0,0,1
2026-01-15 16:32:01,531,21,23,23,90,59,70,74,22,1712,744,52,15,39,68,70,0,0,1
2026-01-15 16:32:07,786,21,23,23,87,59,66,73,22,1714,744,52,15,39,68,70,0,0,1
2026-01-15 16:32:13,903,22,23,23,83,59,64,71,22,-862,744,52,15,39,68,70,0,0,1
2026-01-15 16:32:19,953,22,23,23,79,59,61,69,22,-861,744,52,15,39,68,70,0,0,0
2026-01-15 16:32:26,022,22,23,23,76,58,59,67,22,-861,744,52,15,39,68,70,0,1,0
2026-01-15 16:32:32,112,22,23,23,73,58,58,65,23,-861,744,52,15,39,68,70,0,1,0
2026-01-15 16:32:38,285,22,23,23,77,58,59,67,23,-861,744,52,15,39,68,70,0,1,0
2026-01-15 16:32:44,641,22,23,23,84,58,65,71,23,-862,744,52,15,39,68,70,0,0,1
2026-01-15 16:32:51,544,22,23,23,92,59,73,75,23,1712,744,52,15,39,68,70,0,0,1
2026-01-15 16:32:57,723,22,23,23,93,60,73,76,22,1712,744,52,15,39,68,70,0,0,1
2026-01-15 16:33:04,043,22,23,23,92,60,71,76,22,1712,744,52,15,39,68,70,0,0,1
2026-01-15 16:33:10,126,21,23,23,90,60,68,75,22,1712,744,52,15,39,68,70,0,0,1
2026-01-15 16:33:16,186,21,23,23,86,60,65,73,22,1712,744,52,15,39,68,70,0,0,1
2026-01-15 16:33:22,357,22,23,23,82,59,63,70,22,1712,744,52,15,39,68,70,0,0,1
2026-01-15 16:33:28,518,22,23,23,78,59,61,68,22,1712,744,52,15,39,68,70,0,0,0
2026-01-15 16:33:34,548,22,23,23,75,59,59,67,22,-862,744,52,15,39,68,70,0,1,0
2026-01-15 16:33:40,618,22,23,23,73,58,58,65,23,-861,744,52,15,39,68,70,0,1,0
2026-01-15 16:33:46,685,22,23,23,78,58,59,68,23,-862,744,52,15,39,68,70,0,1,0
2026-01-15 16:33:52,935,22,23,23,84,58,65,71,23,-863,744,52,15,39,68,70,0,0,1
2026-01-15 16:33:59,116,22,23,23,90,59,71,74,23,-862,744,52,15,39,68,70,0,0,1
2026-01-15 16:34:05,182,22,23,23,91,60,73,75,22,-862,744,52,15,39,68,70,0,0,1
2026-01-15 16:34:11,213,22,23,23,92,60,72,76,22,-863,744,52,15,39,68,70,0,0,1
2026-01-15 16:34:17,316,22,23,23,90,60,70,75,22,-861,744,52,15,39,68,70,0,0,1
2026-01-15 16:34:24,561,22,23,23,85,60,65,72,22,1712,744,52,15,39,68,70,0,0,1
2026-01-15 16:34:30,667,22,23,23,81,60,62,70,22,1714,744,52,15,39,68,70,0,0,1
2026-01-15 16:34:36,724,22,23,23,77,59,60,68,22,1712,744,52,15,39,68,70,0,1,0
2026-01-15 16:34:42,745,22,23,23,74,59,59,66,23,1714,744,52,15,39,68,70,0,1,0
2026-01-15 16:34:49,066,22,23,23,74,58,58,66,23,1712,744,52,15,39,68,70,0,1,0
2026-01-15 16:34:55,353,22,23,23,79,58,61,68,23,1714,744,52,15,39,68,70,0,0,0
2026-01-15 16:35:01,434,22,23,23,86,59,67,72,23,-862,744,52,15,39,68,70,0,0,1
2026-01-15 16:35:07,480,22,23,23,91,59,72,75,23,-862,744,52,15,39,68,70,0,0,1
2026-01-15 16:35:13,840,22,23,23,92,60,72,76,22,-862,744,52,15,39,68,70,0,0,1
2026-01-15 16:35:19,865,22,23,23,92,61,70,76,22,-862,744,52,15,39,68,70,0,0,1
2026-01-15 16:35:25,938,22,23,23,90,61,68,75,22,-861,744,52,15,39,68,70,0,0,1
2026-01-15 16:35:32,081,22,23,23,86,60,65,73,22,-861,744,52,15,39,68,70,0,0,1
2026-07-16 13:03:01,284,22,23,23,80,59,61,69,22,1714,744,52,15,39,68,70,0,0,0
2026-07-16 13:03:12,202,22,23,23,76,59,59,67,22,1714,744,52,15,39,68,70,0,1,0
2026-07-16 13:03:18,204,22,23,23,74,58,57,66,23,-862,744,52,15,39,68,70,0,1,0
2026-07-16 13:03:25,333,22,23,23,81,58,61,69,23,1716,744,52,15,39,68,70,0,0,0
2026-07-16 13:03:31,729,22,23,23,87,59,67,73,23,1716,744,52,15,39,68,70,0,0,1
2026-07-16 13:03:38,340,22,23,23,91,59,72,75,22,1716,744,52,15,39,68,70,0,0,1
2026-07-16 13:03:44,452,22,23,23,92,60,72,76,22,-861,744,52,15,39,68,70,0,0,1
2026-07-16 13:03:51,065,21,23,23,91,60,70,75,22,-862,744,52,15,39,68,70,0,0,1
2026-07-16 13:03:57,390,21,23,23,88,60,67,74,22,-862,744,52,15,39,68,70,0,0,1
2026-07-16 13:04:04,470,21,23,23,83,59,62,71,22,1718,744,52,15,39,68,70,0,0,1
2026-07-16 13:04:10,911,21,23,23,79,59,60,69,22,1718,744,52,15,39,68,70,0,0,0
2026-07-16 13:04:17,000,22,23,23,75,59,58,67,22,1718,744,52,15,39,68,70,0,1,0
2026-07-16 13:04:23,253,22,23,23,72,58,57,65,22,1716,744,52,15,39,68,70,0,1,0
2026-07-16 13:04:30,192,22,23,23,77,58,57,67,22,-860,744,52,15,39,68,70,0,1,0
2026-07-16 13:04:37,564,22,23,23,86,58,67,72,22,1716,744,52,15,39,68,70,0,0,1
2026-07-16 13:04:43,897,22,23,23,90,59,72,74,22,1716,744,52,15,39,68,70,0,0,1
2026-07-16 13:04:49,974,21,23,23,92,59,72,75,22,1716,744,52,15,39,68,70,0,0,1
2026-07-16 13:04:56,351,21,23,23,92,60,70,76,22,-862,744,52,15,39,68,70,0,0,1
2026-07-16 13:05:02,547,21,23,23,89,60,67,74,22,-861,744,52,15,39,68,70,0,0,1
2026-07-16 13:05:08,572,21,23,23,85,59,64,72,22,-861,744,52,15,39,68,70,0,0,1
2026-07-16 13:05:14,695,21,23,23,81,59,61,70,22,-861,744,52,15,39,68,70,0,0,1
2026-07-16 13:05:20,793,21,23,23,77,59,59,68,22,-861,744,52,15,39,68,70,0,1,0
2026-07-16 13:05:27,238,21,23,23,74,58,58,66,22,-861,744,52,15,39,68,70,0,1,0
2026-07-16 13:05:34,349,21,23,23,78,58,58,68,22,1714,744,52,15,39,68,70,0,1,0
2026-07-16 13:05:40,461,21,23,23,84,58,63,71,22,1714,744,52,15,39,68,70,0,0,1
2026-07-16 13:05:46,605,21,23,23,90,58,69,74,22,1714,744,52,15,39,68,70,0,0,1
2026-07-16 13:05:53,118,21,23,23,92,59,71,75,22,1716,744,52,15,39,68,70,0,0,1
2026-07-16 13:05:59,219,21,23,23,93,59,70,76,22,-863,744,52,15,39,68,70,0,0,1
2026-07-16 13:06:05,280,21,23,23,91,59,68,75,22,-862,744,52,15,39,68,70,0,0,1
2026-07-16 13:06:11,695,21,23,23,88,59,65,73,22,-862,744,52,15,39,68,70,0,0,1
2026-07-16 13:06:17,788,21,23,23,83,59,63,71,22,-863,744,52,15,39,68,70,0,0,1
2026-07-16 13:06:24,776,21,23,23,77,58,59,67,22,1716,744,52,15,39,68,70,0,1,0
2026-07-16 13:06:32,000,21,23,22,74,57,58,65,22,1716,744,52,15,39,68,70,0,1,0
2026-07-16 13:06:38,805,21,23,22,78,57,57,67,22,1718,744,52,15,39,68,70,0,1,0
2026-07-16 13:06:45,867,21,23,22,84,57,63,70,22,1720,744,52,15,39,68,70,0,0,1
2026-07-16 13:06:52,010,21,23,22,90,58,70,74,22,1724,744,52,15,39,68,70,0,0,1
2026-07-16 13:06:58,096,21,23,22,92,58,72,75,22,1730,744,52,15,39,68,70,0,0,1
2026-07-16 13:07:04,151,21,23,22,95,59,71,77,22,1730,744,52,15,39,68,70,0,0,1
2026-07-16 13:07:10,179,21,23,22,94,59,70,76,22,1732,744,52,15,39,68,70,0,0,1
2026-07-16 13:07:16,240,21,23,22,91,59,67,75,22,1732,744,52,15,39,68,70,0,0,1
2026-07-16 13:07:22,297,21,23,22,88,59,65,73,22,1732,744,52,15,39,68,70,0,0,1
2026-07-16 13:07:28,517,21,23,22,82,58,62,70,22,1732,744,52,15,39,68,70,0,0,1
2026-07-16 13:07:34,543,21,23,22,80,58,60,69,22,1734,744,52,15,39,68,70,0,0,0
2026-07-16 13:07:41,539,21,23,22,75,57,58,66,22,1732,744,52,15,39,68,70,0,1,0
2026-07-16 13:07:47,954,21,23,22,76,57,57,66,22,1732,744,52,15,39,68,70,0,1,0
2026-07-16 13:07:54,019,21,23,22,79,57,58,68,22,1736,744,52,15,39,68,70,0,1,0
2026-07-16 13:08:00,347,21,23,22,86,57,66,71,22,1734,744,52,15,39,68,70,0,0,1
2026-07-16 13:08:06,519,21,23,22,90,58,70,74,22,1734,744,52,15,39,68,70,0,0,1
2026-07-16 13:08:13,452,21,23,22,94,58,73,76,22,1732,744,52,15,39,68,70,0,0,1
2026-07-16 13:08:19,508,21,23,22,94,59,72,76,22,1736,744,52,15,39,68,70,0,0,1
2026-07-16 13:08:25,638,21,23,22,93,59,70,76,22,1734,744,52,15,39,68,70,0,0,1
2026-07-16 13:08:31,746,21,23,22,89,58,66,73,22,1734,744,52,15,39,68,70,0,0,1
2026-07-16 13:08:37,815,21,23,22,86,58,65,72,22,1734,744,52,15,39,68,70,0,0,1
2026-07-16 13:08:44,055,21,23,22,82,58,62,70,22,1736,744,52,15,39,68,70,0,0,1
2026-07-16 13:08:50,131,21,23,22,79,58,61,68,22,1736,744,52,15,39,68,70,0,0,0
2026-07-16 13:08:56,506,21,23,22,76,57,59,66,22,1736,744,52,15,39,68,70,0,1,0
2026-07-16 13:09:03,490,21,23,22,75,57,59,66,22,1734,744,52,15,39,68,70,0,1,0
2026-07-16 13:09:09,542,21,23,22,79,57,60,68,22,1738,744,52,15,39,68,70,0,1,0
2026-07-16 13:09:15,606,21,23,22,87,57,67,72,22,1736,744,52,15,39,68,70,0,0,1
2026-07-16 13:09:21,649,21,23,22,91,58,70,74,22,1736,744,52,15,39,68,70,0,0,1
2026-07-16 13:09:27,731,21,23,22,96,59,74,77,22,1734,744,52,15,39,68,70,0,0,1
2026-07-16 13:09:33,983,21,23,22,97,59,74,78,22,1734,744,52,15,39,68,70,0,0,1
2026-07-16 13:09:40,117,20,23,22,96,59,71,77,21,1734,744,52,15,39,68,70,0,0,1
2026-07-16 13:09:46,178,20,23,22,94,59,69,76,21,1732,744,52,15,39,68,70,0,0,1
2026-07-16 13:09:53,326,20,23,22,89,59,66,74,21,1732,744,52,15,39,68,70,0,0,1
2026-07-16 13:09:59,460,20,23,22,83,58,63,70,21,1732,744,52,15,39,68,70,0,0,1
2026-07-16 13:10:05,526,20,23,22,81,58,62,69,21,1732,744,52,15,39,68,70,0,0,0
2026-07-16 13:10:11,594,21,23,22,77,58,60,67,22,1732,744,52,15,39,68,70,0,1,0
2026-07-16 13:10:17,667,21,23,22,75,57,59,66,22,1734,744,52,15,39,68,70,0,1,0
2026-07-16 13:10:24,023,21,23,22,80,57,60,68,22,1734,744,52,15,39,68,70,0,0,0
2026-07-16 13:10:30,093,21,23,22,84,57,63,70,22,1734,744,52,15,39,68,70,0,0,1
2026-07-16 13:10:37,062,21,23,22,91,58,71,74,22,1732,744,52,15,39,68,70,0,0,1
2026-07-16 13:10:43,117,21,23,22,93,59,73,76,22,1732,744,52,15,39,68,70,0,0,1
2026-07-16 13:10:49,369,21,23,22,93,59,72,76,22,1732,744,52,15,39,68,70,0,0,1
2026-07-16 13:10:55,445,21,23,22,91,59,69,75,22,1732,744,52,15,39,68,70,0,0,1
2026-07-16 13:11:01,721,21,23,22,89,59,67,74,22,1732,744,52,15,39,68,70,0,0,1
2026-07-16 13:11:07,847,21,23,22,84,59,64,71,22,1732,744,52,15,39,68,70,0,0,1
2026-07-16 13:11:13,922,21,23,22,81,58,63,69,22,1732,744,52,15,39,68,70,0,0,0
2026-07-16 13:11:21,048,21,23,22,77,58,61,67,22,1732,744,52,15,39,68,70,0,1,0
2026-07-16 13:11:27,111,21,23,22,75,57,60,66,22,1732,744,52,15,39,68,70,0,1,0
2026-07-16 13:11:33,260,21,23,22,76,57,59,66,22,1730,744,52,15,39,68,70,0,1,0
2026-07-16 13:11:39,307,21,23,22,83,57,64,70,22,1730,744,52,15,39,68,70,0,0,1
2026-07-16 13:11:45,373,21,23,22,87,58,68,72,22,1732,744,52,15,39,68,70,0,0,1
2026-07-16 13:11:51,470,21,23,22,91,59,74,75,22,1732,744,52,15,39,68,70,0,0,1
2026-07-16 13:11:57,625,21,23,22,92,59,73,75,22,1732,744,52,15,39,68,70,0,0,1
2026-07-16 13:12:03,694,21,23,22,91,59,71,75,22,1730,744,52,15,39,68,70,0,0,1
2026-07-16 13:12:09,939,21,23,22,89,59,69,74,22,1730,744,52,15,39,68,70,0,0,1
2026-07-16 13:12:17,004,21,23,22,85,59,66,72,22,1730,744,52,15,39,68,70,0,0,1
2026-07-16 13:12:23,103,21,23,22,80,59,63,69,22,1730,744,52,15,39,68,70,0,0,0
2026-07-16 13:12:29,434,21,23,22,78,59,62,68,22,1730,744,52,15,39,68,70,0,0,0
2026-07-16 13:12:35,552,21,23,22,74,58,60,66,22,1730,744,52,15,39,68,70,0,1,0
2026-07-16 13:12:41,604,21,23,22,73,58,60,65,22,1730,744,52,15,39,68,70,0,1,0
2026-07-16 13:12:47,694,21,23,22,79,58,60,68,22,1730,744,52,15,39,68,70,0,0,0
2026-07-16 13:13:01,129,21,23,22,90,59,72,74,22,1732,744,52,15,39,68,70,0,0,1
2026-07-16 13:13:07,746,21,23,22,91,59,73,75,22,1730,744,52,15,39,68,70,0,0,1
2026-07-16 13:13:14,958,21,23,22,90,60,71,75,22,1728,744,52,15,39,68,70,0,0,1
2026-07-16 13:13:21,081,21,23,22,88,60,69,74,22,1732,744,52,15,39,68,70,0,0,1
2026-07-16 13:13:27,092,21,23,22,84,59,66,71,22,1730,744,52,15,39,68,70,0,0,1
2026-07-16 13:13:45,732,21,23,22,75,59,60,67,22,1728,744,52,15,39,68,70,0,1,0
2026-07-16 13:13:52,486,21,23,22,75,58,59,66,22,1728,744,52,15,39,68,70,0,1,0
2026-07-16 13:13:58,579,21,23,22,83,58,64,70,22,1728,744,52,15,39,68,70,0,0,1
2026-07-16 13:14:04,627,21,23,22,87,58,68,72,22,1730,744,52,15,39,68,70,0,0,1
2026-07-16 13:14:10,946,21,23,22,91,59,73,75,22,1728,744,52,15,39,68,70,0,0,1
2026-07-16 13:14:17,179,21,23,22,91,59,73,75,22,1728,744,52,15,39,68,70,0,0,1
2026-07-16 13:14:23,252,21,23,22,90,60,70,75,22,1728,744,52,15,39,68,70,0,0,1
2026-07-16 13:14:29,363,21,23,22,89,60,69,74,22,1730,744,52,15,39,68,70,0,0,1
2026-07-16 13:14:36,517,21,23,22,84,59,65,71,22,1728,744,52,15,39,68,70,0,0,1
2026-07-16 13:14:42,556,21,23,22,79,59,62,69,22,1728,744,52,15,39,68,70,0,0,0
2026-07-16 13:14:48,657,21,23,22,77,59,61,68,22,1730,744,52,15,39,68,70,0,1,0
2026-07-16 13:14:54,731,21,23,22,74,58,59,66,22,1728,744,52,15,39,68,70,0,1,0
2026-07-16 13:15:00,893,21,23,22,76,58,59,67,22,1728,744,52,15,39,68,70,0,1,0
2026-07-16 13:15:06,968,21,23,22,84,58,64,71,22,1728,744,52,15,39,68,70,0,0,1
2026-07-16 13:15:13,047,21,23,22,88,59,69,73,22,1728,744,52,15,39,68,70,0,0,1
2026-07-16 13:15:19,119,21,23,22,91,59,74,75,22,1728,744,52,15,39,68,70,0,0,1
2026-07-16 13:15:25,190,21,23,22,92,60,73,76,22,1726,744,52,15,39,68,70,0,0,1
2026-07-16 13:15:31,259,21,23,22,91,60,70,75,22,1726,744,52,15,39,68,70,0,0,1
2026-07-16 13:15:38,236,21,23,22,87,60,67,73,22,1726,744,52,15,39,68,70,0,0,1
2026-07-16 13:15:44,361,21,23,22,84,60,65,72,22,1726,744,52,15,39,68,70,0,0,1
2026-07-16 13:15:50,416,21,23,22,79,59,62,69,22,1726,744,52,15,39,68,70,0,0,0
2026-07-16 13:15:56,490,21,23,22,77,59,61,68,22,1728,744,52,15,39,68,70,0,1,0
2026-07-16 13:16:02,611,21,23,22,74,59,59,66,22,1726,744,52,15,39,68,70,0,1,0
2026-07-16 13:16:08,676,21,23,22,75,58,58,66,22,1726,744,52,15,39,68,70,0,1,0
2026-07-16 13:16:14,856,21,23,22,83,58,64,70,22,1726,744,52,15,39,68,70,0,0,1
2026-07-16 13:16:21,140,21,23,22,87,59,68,73,22,1726,744,52,15,39,68,70,0,0,1
2026-07-16 13:16:28,185,21,23,22,93,59,74,76,22,1726,744,52,15,39,68,70,0,0,1
2026-07-16 13:16:34,221,21,23,22,96,60,74,78,22,1724,744,52,15,39,68,70,0,0,1
2026-07-16 13:16:40,275,21,23,22,96,60,72,78,22,1724,744,52,15,39,68,70,0,0,1
2026-07-16 13:16:46,354,21,23,22,92,60,68,76,22,1724,744,52,15,39,68,70,0,0,1
2026-07-16 13:16:52,414,21,23,22,90,60,67,75,22,1726,744,52,15,39,68,70,0,0,1
2026-07-16 13:16:58,512,21,23,22,84,60,63,72,22,1726,744,52,15,39,68,70,0,0,1
2026-07-16 13:17:04,638,21,23,22,81,59,62,70,22,1724,744,52,15,39,68,70,0,0,1
2026-07-16 13:17:10,738,21,23,22,76,59,59,67,22,1726,744,52,15,39,68,70,0,1,0
2026-07-16 13:17:16,872,21,23,22,75,59,58,67,22,1724,744,52,15,39,68,70,0,1,0
2026-07-16 13:17:22,947,21,23,23,75,58,57,66,22,1726,744,52,15,39,68,70,0,1,0
2026-07-16 13:17:29,950,21,23,23,82,58,62,70,22,1724,744,52,15,39,68,70,0,0,1
2026-07-16 13:17:35,968,21,23,23,86,59,67,72,22,1726,744,52,15,39,68,70,0,0,1
2026-07-16 13:17:42,055,21,23,23,92,59,73,75,22,1724,744,52,15,39,68,70,0,0,1
2026-07-16 13:17:48,108,21,23,23,94,60,73,77,22,1724,744,52,15,39,68,70,0,0,1
2026-07-16 13:17:54,179,21,23,23,95,60,71,77,22,1726,744,52,15,39,68,70,0,0,1
2026-07-16 13:18:00,259,21,23,23,94,60,69,77,22,1726,744,52,15,39,68,70,0,0,1
2026-07-16 13:18:06,374,21,23,23,89,60,66,74,22,1726,744,52,15,39,68,70,0,0,1
2026-07-16 13:18:12,617,21,23,23,86,60,64,73,22,1724,744,52,15,39,68,70,0,0,1
2026-07-16 13:18:18,697,21,23,23,81,59,61,70,22,1726,744,52,15,39,68,70,0,0,1
2026-07-16 13:18:24,762,21,23,23,78,59,60,68,22,1724,744,52,15,39,68,70,0,0,0
2026-07-16 13:18:31,767,21,23,23,74,59,58,66,22,1724,744,52,15,39,68,70,0,1,0
2026-07-16 13:18:37,864,21,23,23,76,58,57,67,22,1726,744,52,15,39,68,70,0,1,0
2026-07-16 13:18:43,976,21,23,23,79,58,58,68,22,1726,744,52,15,39,68,70,0,0,0
2026-07-16 13:18:50,057,21,23,23,87,58,66,72,22,1724,744,52,15,39,68,70,0,0,1
2026-07-16 13:18:56,116,21,23,23,91,59,70,75,22,1726,744,52,15,39,68,70,0,0,1
2026-07-16 13:19:02,374,21,23,23,93,59,71,76,22,1726,744,52,15,39,68,70,0,0,1
2026-07-16 13:19:08,398,21,23,23,93,60,70,76,22,1724,744,52,15,39,68,70,0,0,1
2026-07-16 13:19:14,556,21,23,23,90,60,67,75,22,1724,744,52,15,39,68,70,0,0,1
2026-07-16 13:19:20,671,21,23,23,87,60,65,73,22,1724,744,52,15,39,68,70,0,0,1
2026-07-16 13:19:27,659,21,23,23,82,59,62,70,22,1726,744,52,15,39,68,70,0,0,1
2026-07-16 13:19:33,719,21,23,23,77,59,59,68,22,1726,744,52,15,39,68,70,0,1,0
2026-07-16 13:19:39,795,21,23,23,75,58,58,66,22,1726,744,52,15,39,68,70,0,1,0
2026-07-16 13:19:45,871,21,23,23,75,58,57,66,22,1724,744,52,15,39,68,70,0,1,0
2026-07-16 13:19:51,982,21,23,23,78,58,58,68,22,1726,744,52,15,39,68,70,0,1,0
2026-07-16 13:19:58,041,21,23,23,86,58,66,72,22,1726,744,52,15,39,68,70,0,0,1
2026-07-16 13:20:04,105,21,23,23,89,58,69,73,22,1724,744,52,15,39,68,70,0,0,1
2026-07-16 13:20:10,250,21,23,23,94,59,72,76,22,1724,744,52,15,39,68,70,0,0,1
2026-07-16 13:20:16,301,21,23,23,94,59,72,76,22,1726,744,52,15,39,68,70,0,0,1
2026-07-16 13:20:22,329,21,23,23,92,59,68,75,22,1726,744,52,15,39,68,70,0,0,1
2026-07-16 13:20:28,407,21,23,23,90,59,66,74,22,1724,744,52,15,39,68,70,0,0,1
2026-07-16 13:20:35,478,21,23,23,85,59,62,72,22,1726,744,52,15,39,68,70,0,0,1
2026-07-16 13:20:41,511,21,23,22,79,58,59,68,22,1726,744,52,15,39,68,70,0,0,0
2026-07-16 13:20:47,675,21,23,22,77,58,58,67,22,1726,744,52,15,39,68,70,0,1,0
2026-07-16 13:20:53,707,21,23,22,73,57,57,65,22,1726,744,52,15,39,68,70,0,1,0
2026-07-16 13:20:59,753,21,23,22,75,57,56,66,22,1726,744,52,15,39,68,70,0,1,0
2026-07-16 13:21:05,832,21,23,22,82,57,61,69,22,1726,744,52,15,39,68,70,0,0,0
2026-07-16 13:21:12,056,21,23,22,86,57,65,71,22,1726,744,52,15,39,68,70,0,0,1
2026-07-16 13:21:18,201,21,23,22,93,58,73,75,22,1726,744,52,15,39,68,70,0,0,1
2026-07-16 13:21:24,521,21,23,22,95,59,74,77,22,1726,744,52,15,39,68,70,0,0,1
2026-07-16 13:21:31,355,21,23,22,96,59,73,77,22,1726,744,52,15,39,68,70,0,0,1
2026-07-16 13:21:37,422,21,23,22,94,59,69,76,22,1724,744,52,15,39,68,70,0,0,1
2026-07-16 13:21:43,488,21,23,22,91,59,67,75,22,1726,744,52,15,39,68,70,0,0,1
2026-07-16 13:21:49,678,21,23,22,85,59,63,72,22,1728,744,52,15,39,68,70,0,0,1
2026-07-16 13:21:55,741,21,23,22,82,59,61,70,22,1728,744,52,15,39,68,70,0,0,1
2026-07-16 13:22:01,806,21,23,22,77,58,59,67,22,1726,744,52,15,39,68,70,0,1,0
2026-07-16 13:22:07,877,21,23,22,75,58,58,66,22,1726,744,52,15,39,68,70,0,1,0
2026-07-16 13:22:13,943,21,23,22,75,57,57,66,22,1726,744,52,15,39,68,70,0,1,0
2026-07-16 13:22:20,061,21,23,22,79,57,58,68,22,1728,744,52,15,39,68,70,0,1,0
2026-07-16 13:22:26,088,21,23,22,87,58,65,72,22,1726,744,52,15,39,68,70,0,0,1
2026-07-16 13:22:32,274,21,23,22,91,58,69,74,22,1730,744,52,15,39,68,70,0,0,1
2026-07-16 13:22:39,241,21,23,22,95,59,72,77,22,1728,744,52,15,39,68,70,0,0,1
2026-07-16 13:22:45,422,20,23,22,96,59,70,77,21,1728,744,52,15,39,68,70,0,0,1
2026-07-16 13:22:51,526,20,23,22,94,59,69,76,21,1730,744,52,15,39,68,70,0,0,1
2026-07-16 13:22:57,781,20,23,22,89,59,65,74,21,1730,744,52,15,39,68,70,0,0,1
2026-07-16 13:23:03,971,20,23,22,86,58,63,72,21,1728,744,52,15,39,68,70,0,0,1
2026-07-16 13:23:10,054,20,23,22,80,58,60,69,21,1728,744,52,15,39,68,70,0,0,0
2026-07-16 13:23:17,086,20,23,22,75,57,58,66,21,1730,744,52,15,39,68,70,0,1,0
2026-07-16 13:23:23,152,20,23,22,74,57,57,65,21,1728,744,52,15,39,68,70,0,1,0
2026-07-16 13:23:29,225,21,23,22,78,57,57,67,22,1730,744,52,15,39,68,70,0,1,0
2026-07-16 13:23:35,467,21,23,22,82,57,60,69,22,1728,744,52,15,39,68,70,0,0,0
2026-07-16 13:23:41,488,21,23,22,89,57,69,73,22,1728,744,52,15,39,68,70,0,0,1
2026-07-16 13:23:47,489,20,23,22,92,58,72,75,21,1728,744,52,15,39,68,70,0,0,1
2026-07-16 13:23:53,780,20,23,22,95,59,73,77,21,1730,744,52,15,39,68,70,0,0,1
2026-07-16 13:23:59,948,20,23,22,96,59,73,77,21,1732,744,52,15,39,68,70,0,0,1
2026-07-16 13:24:07,135,20,22,22,94,59,70,76,21,1730,744,52,15,39,68,70,0,0,1
2026-07-16 13:24:13,257,20,22,22,89,59,66,74,21,1730,744,52,15,39,68,70,0,0,1
2026-07-16 13:24:19,362,20,22,22,87,59,65,73,21,1732,744,52,15,39,68,70,0,0,1
2026-07-16 13:24:25,421,20,22,22,82,58,62,70,21,1732,744,52,15,39,68,70,0,0,1
2026-07-16 13:24:31,500,20,22,22,80,58,61,69,21,1732,744,52,15,39,68,70,0,0,0
2026-07-16 13:24:37,781,20,22,22,76,58,60,67,21,1732,744,52,15,39,68,70,0,1,0
2026-07-16 13:24:44,780,21,22,22,76,57,59,66,21,1734,744,52,15,39,68,70,0,1,0
2026-07-16 13:24:50,900,21,22,22,79,57,59,68,21,1730,744,52,15,39,68,70,0,1,0
2026-07-16 13:24:56,974,21,22,22,87,58,67,72,21,1732,744,52,15,39,68,70,0,0,1
2026-07-16 13:25:03,045,21,22,22,90,58,71,74,21,1730,744,52,15,39,68,70,0,0,1
2026-07-16 13:25:09,105,20,22,22,95,59,74,77,21,1730,744,52,15,39,68,70,0,0,1
2026-07-16 13:25:15,174,20,22,22,96,59,74,77,21,1730,744,52,15,39,68,70,0,0,1
2026-07-16 13:25:21,416,20,22,22,95,59,71,77,21,1732,744,52,15,39,68,70,0,0,1
2026-07-16 13:25:27,615,20,22,22,93,59,70,76,21,1730,744,52,15,39,68,70,0,0,1
2026-07-16 13:25:34,599,20,22,22,88,59,66,73,21,1730,744,52,15,39,68,70,0,0,1
2026-07-16 13:25:40,736,20,22,22,83,59,63,71,21,1730,744,52,15,39,68,70,0,0,1
2026-07-16 13:25:46,845,20,22,22,81,58,62,69,21,1732,744,52,15,39,68,70,0,0,0
2026-07-16 13:25:52,948,20,22,21,76,58,60,67,21,1730,744,52,15,39,68,70,0,1,0
2026-07-16 13:25:59,029,20,22,22,75,58,60,66,21,1732,744,52,15,39,68,70,0,1,0
2026-07-16 13:26:05,343,21,22,21,79,57,60,68,21,1732,744,52,15,39,68,70,0,1,0
2026-07-16 13:26:11,554,21,22,22,83,58,64,70,21,1732,744,52,15,39,68,70,0,0,1
2026-07-16 13:26:18,490,21,22,22,91,58,72,74,21,1732,744,52,15,39,68,70,0,0,1
2026-07-16 13:26:24,571,20,22,22,95,59,75,77,21,1730,744,52,15,39,68,70,0,0,1
2026-07-16 13:26:30,651,20,22,22,96,59,74,77,21,1732,744,52,15,39,68,70,0,0,1
2026-07-16 13:26:36,761,20,22,21,95,60,72,77,21,1732,744,52,15,39,68,70,0,0,1
2026-07-16 13:26:42,831,20,22,21,94,60,70,77,21,1730,744,52,15,39,68,70,0,0,1
2026-07-16 13:26:48,969,20,22,21,89,59,67,74,21,1730,744,52,15,39,68,70,0,0,1
2026-07-16 13:26:55,018,20,22,21,86,59,65,72,21,1730,744,52,15,39,68,70,0,0,1
2026-07-16 13:27:01,074,20,22,21,81,59,63,70,21,1730,744,52,15,39,68,70,0,0,1
2026-07-16 13:27:07,158,20,22,21,79,59,62,69,21,1730,744,52,15,39,68,70,0,0,0
2026-07-16 13:27:13,250,20,22,21,75,58,60,66,21,1728,744,52,15,39,68,70,0,1,0
2026-07-16 13:27:19,352,21,22,22,74,58,60,66,21,1730,744,52,15,39,68,70,0,1,0
2026-07-16 13:27:26,368,21,22,22,79,58,60,68,21,1728,744,52,15,39,68,70,0,0,0
2026-07-16 13:27:32,479,21,22,22,87,58,68,72,21,1728,744,52,15,39,68,70,0,0,1
2026-07-16 13:27:38,582,21,22,22,90,58,72,74,21,1730,744,52,15,39,68,70,0,0,1
2026-07-16 13:27:44,641,20,22,22,92,59,73,75,21,1730,744,52,15,39,68,70,0,0,1
2026-07-16 13:27:50,712,20,22,22,92,59,73,75,21,1728,744,52,15,39,68,70,0,0,1
2026-07-16 13:27:56,839,20,22,22,91,59,70,75,21,1728,744,52,15,39,68,70,0,0,1
2026-07-16 13:28:02,873,20,22,22,89,59,68,74,21,1726,744,52,15,39,68,70,0,0,1
2026-07-16 13:28:09,048,20,22,22,84,59,65,71,21,1728,744,52,15,39,68,70,0,0,1
2026-07-16 13:28:15,093,21,22,22,81,59,64,70,21,1726,744,52,15,39,68,70,0,0,1
2026-07-16 13:28:21,184,21,22,22,77,58,61,67,21,1726,744,52,15,39,68,70,0,1,0
2026-07-16 13:28:28,204,21,22,22,74,58,60,66,21,1724,744,52,15,39,68,70,0,1,0
2026-07-16 13:28:34,449,21,22,22,75,58,59,66,21,1724,744,52,15,39,68,70,0,1,0
2026-07-16 13:28:40,519,21,22,22,81,58,64,69,21,1726,744,52,15,39,68,70,0,0,0
2026-07-16 13:28:46,706,21,22,22,86,58,68,72,21,1726,744,52,15,39,68,70,0,0,1
2026-07-16 13:28:52,778,21,22,22,93,59,75,76,21,1726,744,52,15,39,68,70,0,0,1
2026-07-16 13:28:58,827,21,22,22,94,60,77,77,21,1726,744,52,15,39,68,70,0,0,1
2026-07-16 13:29:04,981,21,22,22,96,61,76,78,21,1726,744,52,15,39,68,70,0,0,1
2026-07-16 13:29:12,118,20,22,22,94,61,72,77,21,1724,744,52,15,39,68,70,0,0,1
2026-07-16 13:29:18,180,20,22,22,92,61,70,76,21,1726,744,52,15,39,68,70,0,0,1
2026-07-16 13:29:24,250,21,22,22,87,60,67,73,21,1726,744,52,15,39,68,70,0,0,1
2026-07-16 13:29:30,307,21,22,22,84,60,65,72,21,1722,744,52,15,39,68,70,0,0,1
2026-07-16 13:29:36,943,21,22,22,79,60,63,69,21,1724,744,52,15,39,68,70,0,0,0
2026-07-16 13:29:42,996,21,22,22,76,59,61,67,21,1724,744,52,15,39,68,70,0,1,0
2026-07-16 13:29:49,051,21,22,22,75,59,60,67,21,1722,744,52,15,39,68,70,0,1,0
2026-07-16 13:29:55,196,21,22,22,75,59,59,67,22,1724,744,52,15,39,68,70,0,1,0
2026-07-16 13:30:01,318,21,22,22,79,59,61,69,22,1724,744,52,15,39,68,70,0,0,0
2026-07-16 13:30:07,814,21,22,22,86,59,68,72,22,1724,744,52,15,39,68,70,0,0,1
2026-07-16 13:30:13,877,21,22,22,89,60,73,74,22,1724,744,52,15,39,68,70,0,0,1
2026-07-16 13:30:19,942,21,22,22,89,60,73,74,21,1722,744,52,15,39,68,70,0,0,1
2026-07-16 13:30:26,007,21,22,22,89,61,71,75,21,1724,744,52,15,39,68,70,0,0,1
2026-07-16 13:30:32,195,21,22,22,88,61,69,74,21,1722,744,52,15,39,68,70,0,0,1
2026-07-16 13:30:38,249,21,22,22,84,60,66,72,21,1722,744,52,15,39,68,70,0,0,1
2026-07-16 13:30:44,881,21,22,22,79,60,63,69,22,1724,744,52,15,39,68,70,0,0,0
2026-07-16 13:30:51,074,21,22,22,78,60,62,69,22,1724,744,52,15,39,68,70,0,0,0
2026-07-16 13:30:57,099,21,22,22,74,59,60,66,22,1724,744,52,15,39,68,70,0,1,0
2026-07-16 13:31:03,199,21,23,22,73,59,60,66,22,1724,744,52,15,39,68,70,0,1,0
2026-07-16 13:31:09,262,21,23,22,78,59,61,68,22,1722,744,52,15,39,68,70,0,0,0
2026-07-16 13:31:15,678,21,23,22,85,59,68,72,22,1724,744,52,15,39,68,70,0,0,1
2026-07-16 13:31:21,748,21,23,22,88,59,71,73,22,1724,744,52,15,39,68,70,0,0,1
2026-07-16 13:31:27,831,21,23,22,91,60,73,75,22,1724,744,52,15,39,68,70,0,0,1
2026-07-16 13:31:33,913,21,23,22,91,61,72,76,22,1722,744,52,15,39,68,70,0,0,1
2026-07-16 13:31:40,014,21,23,22,89,61,69,75,22,1724,744,52,15,39,68,70,0,0,1
2026-07-16 13:31:46,039,21,23,22,87,61,68,74,22,1724,744,52,15,39,68,70,0,0,1
2026-07-16 13:31:52,112,21,23,22,82,60,64,71,22,1722,744,52,15,39,68,70,0,0,1
2026-07-16 13:31:58,259,21,23,22,79,60,63,69,22,1726,744,52,15,39,68,70,0,0,0
2026-07-16 13:32:04,414,21,23,22,75,59,60,67,22,1726,744,52,15,39,68,70,0,1,0
2026-07-16 13:32:10,545,21,23,22,74,59,60,66,22,1724,744,52,15,39,68,70,0,1,0
2026-07-16 13:32:17,495,21,23,22,75,59,59,67,22,1726,744,52,15,39,68,70,0,1,0
2026-07-16 13:32:23,526,21,23,22,81,59,64,70,22,1726,744,52,15,39,68,70,0,0,1
2026-07-16 13:32:29,589,21,23,22,85,59,68,72,22,1724,744,52,15,39,68,70,0,0,1
2026-07-16 13:32:35,639,21,23,22,90,60,73,75,22,1722,744,52,15,39,68,70,0,0,1
2026-07-16 13:32:41,723,21,23,22,90,60,73,75,22,1722,744,52,15,39,68,70,0,0,1
2026-07-16 13:32:47,774,21,23,22,89,61,70,75,22,1724,744,52,15,39,68,70,0,0,1
2026-07-16 13:32:53,854,21,23,22,88,61,68,74,22,1724,744,52,15,39,68,70,0,0,1
2026-07-16 13:32:59,948,21,23,22,83,60,65,71,22,1724,744,52,15,39,68,70,0,0,1
2026-07-16 13:33:06,416,21,23,22,78,60,62,69,22,1724,744,52,15,39,68,70,0,0,0
2026-07-16 13:33:12,469,21,23,22,77,60,61,68,22,1724,744,52,15,39,68,70,0,0,0
2026-07-16 13:33:18,545,21,23,22,73,59,59,66,22,1722,744,52,15,39,68,70,0,1,0
2026-07-16 13:33:24,626,21,23,22,72,59,58,65,22,1724,744,52,15,39,68,70,0,1,0
2026-07-16 13:33:30,730,21,23,22,76,59,59,67,22,1722,744,52,15,39,68,70,0,1,0
2026-07-16 13:33:36,768,21,23,22,79,59,62,69,22,1726,744,52,15,39,68,70,0,0,0
2026-07-16 13:33:43,223,21,23,22,87,59,70,73,22,1722,744,52,15,39,68,70,0,0,1
2026-07-16 13:33:49,296,21,23,22,91,61,75,76,22,1722,744,52,15,39,68,70,0,0,1
2026-07-16 13:33:56,179,21,23,22,92,62,74,77,22,1722,744,52,15,39,68,70,0,0,1
2026-07-16 13:34:03,404,21,23,22,91,62,71,76,22,1722,744,52,15,39,68,70,0,0,1
2026-07-16 13:34:10,217,21,23,22,87,62,67,74,22,1722,744,52,15,39,68,70,0,0,1
2026-07-16 13:34:17,193,21,23,22,83,61,64,72,22,1724,744,52,15,39,68,70,0,0,1
2026-07-16 13:34:24,165,21,23,22,79,61,61,70,22,1722,744,52,15,39,68,70,0,0,1
2026-07-16 13:34:31,184,21,23,22,75,60,59,67,22,1724,744,52,15,39,68,70,0,1,0
2026-07-16 13:34:38,150,21,23,22,72,59,58,65,22,1720,744,52,15,39,68,70,0,1,0
2026-07-16 13:34:45,132,21,23,22,75,59,57,67,22,1720,744,52,15,39,68,70,0,1,0
2026-07-16 13:34:52,156,21,23,22,82,59,63,70,22,1722,744,52,15,39,68,70,0,0,1
2026-07-16 13:34:59,185,21,23,22,88,60,70,74,22,1722,744,52,15,39,68,70,0,0,1
2026-07-16 13:35:06,141,21,23,22,90,61,72,75,22,1720,744,52,15,39,68,70,0,0,1
2026-07-16 13:35:13,003,21,23,22,90,61,70,75,22,1720,744,52,15,39,68,70,0,0,1
2026-07-16 13:35:26,100,21,23,22,83,61,64,72,22,1720,744,52,15,39,68,70,0,0,1
2026-07-16 13:35:33,000,21,23,22,79,60,61,69,22,1720,744,52,15,39,68,70,0,0,0
2026-07-16 13:35:39,960,21,23,22,75,59,59,67,22,1722,744,52,15,39,68,70,0,1,0
2026-07-16 13:35:47,026,21,23,22,72,59,58,65,22,1720,744,52,15,39,68,70,0,1,0
2026-07-16 13:35:53,885,21,23,22,76,59,57,67,22,1720,744,52,15,39,68,70,0,1,0
2026-07-16 13:36:00,891,21,23,22,83,59,64,71,22,1720,744,52,15,39,68,70,0,0,1
2026-07-16 13:36:07,860,21,23,22,89,59,71,74,22,1720,744,52,15,39,68,70,0,0,1
2026-07-16 13:36:20,932,21,23,22,92,61,71,76,22,1720,744,52,15,39,68,70,0,0,1
2026-07-16 13:36:27,147,21,23,22,90,61,68,75,22,1720,744,52,15,39,68,70,0,0,1
2026-07-16 13:36:33,924,21,23,22,86,61,65,73,22,1720,744,52,15,39,68,70,0,0,1
2026-07-16 13:36:40,903,21,23,22,82,60,62,71,22,1720,744,52,15,39,68,70,0,0,1
2026-07-16 13:36:47,733,21,23,22,77,59,60,68,22,1718,744,52,15,39,68,70,0,1,0
2026-07-16 13:36:54,890,21,23,22,73,59,58,66,22,1722,744,52,15,39,68,70,0,1,0
2026-07-16 13:37:01,782,21,23,22,76,59,59,67,22,1720,744,52,15,39,68,77,0,1,0
2026-07-16 13:37:08,788,21,23,22,82,59,64,70,22,1718,744,52,15,39,68,77,0,0,0
2026-07-16 13:37:14,922,21,23,22,88,59,70,73,22,1722,744,52,15,39,68,77,0,0,0
2026-07-16 13:37:20,963,21,23,22,91,60,75,75,22,1720,744,52,15,39,68,77,0,0,0
2026-07-16 13:37:27,033,21,22,22,94,61,78,77,21,1722,744,52,15,39,68,77,0,0,1
2026-07-16 13:37:33,120,21,22,22,95,62,80,78,21,1718,744,52,15,39,68,77,0,0,1
2026-07-16 13:37:39,167,21,22,22,96,62,79,79,21,1718,744,52,15,39,68,77,0,0,1
2026-07-16 13:37:45,207,21,22,22,95,63,76,79,21,1718,744,52,15,39,68,77,0,0,1
2026-07-16 13:37:51,248,21,22,22,92,63,72,77,21,1720,744,52,15,39,68,77,0,0,1
2026-07-16 13:37:57,308,21,22,22,88,63,68,75,21,1718,744,52,15,39,68,77,0,0,0
2026-07-16 13:38:03,503,21,22,22,83,62,65,72,21,1718,744,52,15,39,68,77,0,0,0
2026-07-16 13:38:09,618,21,22,22,80,62,62,71,21,1720,744,52,15,39,68,77,0,0,0
2026-07-16 13:38:15,686,21,22,22,78,61,61,69,21,1718,744,52,15,39,68,77,0,0,0
2026-07-16 13:38:22,504,21,22,22,77,61,60,69,21,1718,744,52,15,39,68,77,0,0,0
2026-07-16 13:38:29,682,21,22,22,77,60,60,68,21,1720,744,52,15,39,68,77,0,0,0
2026-07-16 13:38:36,608,21,22,22,77,60,60,68,22,1722,744,52,15,39,68,77,0,0,0
2026-07-16 13:38:43,549,21,22,22,78,60,60,69,22,1720,744,52,15,39,68,77,0,0,0
2026-07-16 13:38:50,548,21,22,22,79,59,60,69,22,1720,744,52,15,39,68,77,0,0,0
2026-07-16 13:38:57,498,21,22,22,79,59,60,69,22,1718,744,52,15,39,68,77,0,0,0
2026-07-16 13:39:04,343,21,22,22,79,59,60,69,22,1720,744,52,15,39,68,77,0,0,0
2026-07-16 13:39:11,441,21,22,22,79,59,61,69,22,1720,744,52,15,39,68,77,0,0,0
2026-07-16 13:39:18,398,21,22,22,79,59,61,69,22,1720,744,52,15,39,68,77,0,0,0
2026-07-16 13:39:25,378,21,22,22,79,59,62,69,22,1720,744,52,15,39,68,77,0,0,0
2026-07-16 13:39:32,306,21,22,22,79,58,62,68,22,1722,744,52,15,39,68,77,0,0,0
2026-07-16 13:39:45,355,21,22,22,79,58,63,68,22,1722,744,52,15,39,68,77,0,0,0
2026-07-16 13:39:52,521,21,22,22,79,58,63,68,22,1722,744,52,15,39,68,77,0,0,0
2026-07-16 13:39:59,310,21,22,22,79,58,63,68,22,1724,744,52,15,39,68,77,0,0,0
2026-07-16 13:40:05,566,21,22,22,79,58,64,68,22,1726,744,52,15,39,68,77,0,0,0
2026-07-16 13:40:11,641,21,23,22,79,58,64,68,22,1726,744,52,15,39,68,77,0,0,0
2026-07-16 13:40:17,712,21,23,22,79,58,64,68,22,1728,744,52,15,39,68,77,0,0,0
2026-07-16 13:40:23,828,22,23,22,79,58,65,68,22,1728,744,52,15,39,68,77,0,0,0
2026-07-16 13:40:29,878,22,23,22,79,58,65,68,22,1730,744,52,15,39,68,77,0,0,0
2026-07-16 13:40:36,050,22,23,22,79,58,65,68,22,1732,744,52,15,39,68,77,0,0,0
2026-07-16 13:40:42,131,22,23,22,79,58,66,68,22,1730,744,52,15,39,68,77,0,0,0
2026-07-16 13:40:49,146,22,23,22,80,58,66,69,22,1734,744,52,15,39,68,77,0,0,0
2026-07-16 13:40:55,330,22,23,22,80,58,67,69,22,1732,744,52,15,39,68,77,0,0,0
2026-07-16 13:41:01,543,22,23,22,80,58,67,69,22,1734,744,52,15,39,68,77,0,0,0
2026-07-16 13:41:07,620,22,23,22,80,58,67,69,22,1734,744,52,15,39,68,77,0,0,0
2026-07-16 13:41:13,673,22,23,22,80,58,67,69,22,1738,744,52,15,39,68,77,0,0,0
2026-07-16 13:41:19,849,22,23,22,80,58,68,69,22,1740,744,52,15,39,68,77,0,0,0
2026-07-16 13:41:25,976,22,23,22,80,58,69,69,22,1738,744,52,15,39,68,77,0,0,0
2026-07-16 13:41:32,061,22,23,22,80,58,70,69,22,1736,744,52,15,39,68,77,0,0,0
2026-07-16 13:41:39,001,22,23,22,81,58,71,69,22,1740,744,52,15,39,68,77,0,0,0
2026-07-16 13:41:45,195,22,23,22,81,58,71,69,22,1738,744,52,15,39,68,77,0,0,0
2026-07-16 13:41:51,371,22,23,22,81,59,71,70,22,1740,744,52,15,39,68,77,0,0,0
2026-07-16 13:41:57,536,22,23,22,81,59,71,70,22,1742,744,52,15,39,68,77,0,0,0
2026-07-16 13:42:03,694,22,23,22,81,59,71,70,22,1742,744,52,15,39,68,77,0,0,0
2026-07-16 13:42:10,002,22,23,22,81,59,71,70,22,1742,744,52,15,39,68,77,0,0,0
2026-07-16 13:42:16,968,22,23,22,81,59,72,70,22,1742,744,52,15,39,68,77,0,0,0
2026-07-16 13:42:23,005,22,23,22,81,59,72,70,22,1742,744,52,15,39,68,77,0,0,0
2026-07-16 13:42:29,186,22,23,22,81,59,72,70,22,1742,744,52,15,39,68,77,0,0,0
2026-07-16 13:42:35,222,22,23,22,81,59,72,70,22,1744,744,52,15,39,68,77,0,0,0
2026-07-16 13:42:41,396,22,23,22,81,59,73,70,22,1744,744,52,15,39,68,77,0,0,0
2026-07-16 13:42:47,603,22,23,22,81,59,73,70,22,1742,744,52,15,39,68,77,0,0,0
2026-07-16 13:42:53,661,22,23,22,81,60,73,70,22,1742,744,52,15,39,68,77,0,0,0
2026-07-16 13:42:59,734,22,23,22,81,60,73,70,22,1742,744,52,15,39,68,77,0,0,0
2026-07-16 13:43:05,944,22,23,22,81,60,73,70,22,1746,744,52,15,39,68,77,0,0,0
2026-07-16 13:43:12,978,22,23,22,81,60,73,70,23,1746,744,52,15,39,68,77,0,0,0
2026-07-16 13:43:19,095,22,23,22,81,60,73,70,23,1746,744,52,15,39,68,77,0,0,0
2026-07-16 13:43:25,221,22,23,22,81,60,74,70,23,1746,744,52,15,39,68,77,0,0,0
2026-07-16 13:43:31,457,22,23,22,82,61,74,71,23,1744,744,52,15,39,68,77,0,0,0
2026-07-16 13:43:37,664,22,23,22,82,61,74,71,23,1746,744,52,15,39,68,77,0,0,0
2026-07-16 13:43:43,859,22,23,22,82,61,74,71,23,1748,744,52,15,39,68,77,0,0,0
2026-07-16 13:43:50,727,22,23,22,82,61,74,71,23,1746,744,52,15,39,68,77,0,0,0
2026-07-16 13:43:56,921,22,23,22,82,61,75,71,23,1746,744,52,15,39,68,77,0,0,0
2026-07-16 13:44:03,085,22,23,22,82,62,75,72,23,1744,744,52,15,39,68,77,0,0,0
2026-07-16 13:44:09,092,22,23,22,82,62,75,72,23,1746,744,52,15,39,68,77,0,0,0
2026-07-16 13:44:15,281,22,23,22,82,62,75,72,23,1748,744,52,15,39,68,77,0,0,0
2026-07-16 13:44:21,467,22,23,22,82,62,75,72,23,1746,744,52,15,39,68,77,0,0,0
2026-07-16 13:44:27,519,22,23,22,82,62,76,72,23,1746,744,52,15,39,68,77,0,0,0
2026-07-16 13:44:33,609,22,23,22,82,62,76,72,23,1746,744,52,15,39,68,77,0,0,0
2026-07-16 13:44:40,894,22,23,22,82,63,75,72,23,1746,744,52,15,39,68,77,0,0,0
2026-07-16 13:44:47,061,22,23,22,82,63,76,72,23,1746,744,52,15,39,68,77,0,0,0
2026-07-16 13:44:53,185,23,23,22,82,63,76,72,23,1748,744,52,15,39,68,77,0,0,0
2026-07-16 13:44:59,440,23,23,22,82,63,76,72,23,1748,744,52,15,39,68,77,0,0,0
2026-07-16 13:45:05,630,23,23,22,82,63,76,72,23,1746,744,52,15,39,68,77,0,0,0
2026-07-16 13:45:12,654,23,23,22,82,63,76,72,23,1746,744,52,15,39,68,77,0,0,0
2026-07-16 13:45:18,696,23,23,22,82,64,75,73,23,1746,744,52,15,39,68,77,0,0,0
2026-07-16 13:45:24,778,23,23,22,82,64,75,73,23,1748,744,52,15,39,68,77,0,0,0
2026-07-16 13:45:30,908,23,23,22,82,64,75,73,23,1748,744,52,15,39,68,77,0,0,0
2026-07-16 13:45:37,063,23,23,22,82,64,75,73,23,1746,744,52,15,39,68,77,0,0,0
2026-07-16 13:45:43,124,23,23,23,82,64,75,73,23,1746,744,52,15,39,68,77,0,0,0
2026-07-16 13:45:49,246,23,23,23,82,64,75,73,23,1748,744,52,15,39,68,77,0,0,0
2026-07-16 13:45:55,340,23,23,23,82,64,75,73,23,1748,744,52,15,39,68,77,0,0,0
2026-07-16 13:46:01,433,23,23,23,82,64,75,73,23,1744,744,52,15,39,68,77,0,0,0
2026-07-16 13:46:08,542,23,23,23,82,65,76,73,23,1744,744,52,15,39,68,77,0,0,0
2026-07-16 13:46:15,077,23,23,23,82,65,76,73,23,1744,744,52,15,39,68,77,0,0,0
2026-07-16 13:46:21,652,23,23,23,82,65,76,73,23,1748,744,52,15,39,68,77,0,0,0
2026-07-16 13:46:28,859,23,23,23,82,65,75,73,23,1748,744,52,15,39,68,77,0,0,0
2026-07-16 13:46:35,053,23,23,23,82,66,76,74,23,1746,744,52,15,39,68,77,0,0,0
2026-07-16 13:46:41,143,23,23,23,82,66,76,74,23,1746,744,52,15,39,68,77,0,0,0
2026-07-16 13:46:47,194,23,23,23,82,66,76,74,23,1744,744,52,15,39,68,77,0,0,0
2026-07-16 13:46:53,255,23,23,23,82,66,76,74,23,1746,744,52,15,39,68,77,0,0,0
2026-07-16 13:46:59,331,23,23,23,82,66,76,74,23,1746,744,52,15,39,68,77,0,0,0
2026-07-16 13:47:06,343,23,23,23,82,67,76,74,23,1746,744,52,15,39,68,77,0,0,0
2026-07-16 13:47:12,377,23,23,23,82,67,76,74,23,1744,744,52,15,39,68,77,0,0,0
2026-07-16 13:47:18,501,23,23,23,82,67,76,74,23,1744,744,52,15,39,68,77,0,0,0
2026-07-16 13:47:24,583,23,23,23,82,67,76,74,23,1744,744,52,15,39,68,77,0,0,0
2026-07-16 13:47:30,693,23,23,23,82,67,76,74,23,1746,744,52,15,39,68,77,0,0,0
2026-07-16 13:47:36,761,23,23,23,82,67,76,74,23,1744,744,52,15,39,68,77,0,0,0
2026-07-16 13:47:42,836,23,23,23,82,67,76,74,23,1744,744,52,15,39,68,77,0,0,0
2026-07-16 13:47:48,895,23,23,23,82,68,76,75,23,1746,744,52,15,39,68,77,0,0,0
2026-07-16 13:47:55,130,23,23,23,83,68,76,75,23,1744,744,52,15,39,68,77,0,0,0
2026-07-16 13:48:01,205,23,23,23,83,68,76,75,23,1742,744,52,15,39,68,77,0,0,0
2026-07-16 13:48:07,276,23,23,23,83,68,76,75,23,1744,744,52,15,39,68,77,0,0,0
2026-07-16 13:48:20,402,23,23,23,82,68,76,75,23,1744,744,52,15,39,68,77,0,0,0
2026-07-16 13:48:26,508,23,23,23,82,68,76,75,23,1744,744,52,15,39,68,77,0,0,0
2026-07-16 13:48:32,573,23,24,23,82,68,76,75,23,1742,744,52,15,39,68,77,0,0,0
2026-07-16 13:48:38,763,23,24,23,82,68,76,75,23,1744,744,52,15,39,68,77,0,0,0
2026-07-16 13:48:44,829,23,24,23,82,68,76,75,23,1746,744,52,15,39,68,77,0,0,0
2026-07-16 13:48:51,014,23,24,23,82,69,76,75,23,1742,744,52,15,39,68,77,0,0,0
2026-07-16 13:48:57,149,23,24,23,82,69,76,75,23,1742,744,52,15,39,68,77,0,0,0
2026-07-16 13:49:04,151,23,24,23,82,69,76,75,23,1746,744,52,15,39,68,77,0,0,0
2026-07-16 13:49:10,298,23,24,23,82,69,76,75,23,1744,744,52,15,39,68,77,0,0,0
2026-07-16 13:49:16,574,23,24,23,82,69,76,75,23,1744,744,52,15,39,68,77,0,0,0
2026-07-16 13:49:22,675,23,24,23,82,69,76,75,23,1742,744,52,15,39,68,77,0,0,0
2026-07-16 13:49:28,741,23,24,23,82,69,76,75,23,1744,744,52,15,39,68,77,0,0,0
2026-07-16 13:49:34,815,23,24,23,82,69,77,75,23,1744,744,52,15,39,68,77,0,0,0
2026-07-16 13:49:41,006,23,24,23,82,69,77,75,23,1742,744,52,15,39,68,77,0,0,0
2026-07-16 13:49:47,081,23,24,23,82,69,77,75,23,1744,744,52,15,39,68,77,0,0,0
2026-07-16 13:49:54,094,23,24,23,82,69,77,75,24,1742,744,52,15,39,68,77,0,0,0
2026-07-16 13:50:00,282,23,24,23,82,69,77,75,24,1742,744,52,15,39,68,77,0,0,0
2026-07-16 13:50:06,368,23,24,23,82,69,77,75,24,1742,744,52,15,39,68,77,0,0,0
2026-07-16 13:50:12,475,23,24,23,82,69,77,75,24,1742,744,52,15,39,68,77,0,0,0
2026-07-16 13:50:18,516,23,24,23,82,69,77,75,24,1744,744,52,15,39,68,77,0,0,0
2026-07-16 13:50:24,555,23,24,23,82,69,76,75,24,1742,744,52,15,39,68,77,0,0,0
2026-07-16 13:50:30,631,23,24,23,82,69,76,75,24,1742,744,52,15,39,68,77,0,0,0
2026-07-16 13:50:36,737,23,24,23,82,69,75,75,24,1742,744,52,15,39,68,77,0,0,0
2026-07-16 13:50:42,818,23,24,23,82,69,75,75,24,1744,744,52,15,39,68,77,0,0,0
2026-07-16 13:50:48,884,23,24,23,82,69,75,75,24,1740,744,52,15,39,68,77,0,0,0
2026-07-16 13:50:54,957,23,24,23,82,69,75,75,24,1740,744,52,15,39,68,77,0,0,0
2026-07-16 13:51:02,088,23,24,23,81,69,74,75,24,1740,744,52,15,39,68,77,0,0,0
2026-07-16 13:51:08,167,23,24,23,81,69,74,75,24,1742,744,52,15,39,68,77,0,0,0
2026-07-16 13:51:14,281,23,24,23,82,69,74,75,24,1742,744,52,15,39,68,77,0,0,0
2026-07-16 13:51:20,349,23,24,23,82,69,74,75,24,1742,744,52,15,39,68,77,0,0,0
2026-07-16 13:51:26,536,23,24,23,82,69,73,75,24,1742,744,52,15,39,68,77,0,0,0
2026-07-16 13:51:32,627,23,24,23,82,69,73,75,24,1740,744,52,15,39,68,77,0,0,0
2026-07-16 13:51:38,676,23,24,23,82,69,73,75,24,1740,744,52,15,39,68,77,0,0,0
